distrito,Provincia,1q 2008,2q 2008,3q 2008,4q 2008,1q 2009,2q 2009,3q 2009,4q 2009,1q 2010,2q 2010,3q 2010,4q 2010,1q 2011,2q 2011,3q 2011,4q 2011,1q 2012,2q 2012,3q 2012,4q 2012,1q 2013,2q 2013,3q 2013,4q 2013,1q 2014,2q 2014,3q 2014,4q 2014,1q 2015,2q 2015,3q 2015,4q 2015,1q 2016,2q 2016,3q 2016,4q 2016,1q 2017,2q 2017,3q 2017,4q 2017,1q 2018,2q 2018,3q 2018,4q 2018
Ciutat vella,Barcelona,4.436,4.358,4.095,3.947,3.741,3.722,3.706,3.576,3.571,3.540,3.519,3.430,3.440,3.197,3.083,2.981,2.802,2.682,2.641,2.695,2.648,2.747,2.980,3.340,3.541,3.205,3.258,3.355,3.485,3.611,3.686,3.621,3.765,3.902,4.016,4.191,4.438,4.562,4.793,4.584,4.489,4.452,4.482,4.434
Eixample,Barcelona,4.969,4.876,4.572,4.495,4.368,4.275,4.286,4.269,4.267,4.284,4.266,4.214,4.057,3.923,3.806,3.696,3.575,3.421,3.380,3.327,3.283,3.269,3.550,3.488,3.573,3.604,3.541,3.640,3.743,3.747,3.874,3.861,4.050,4.132,4.276,4.610,4.998,5.057,5.215,4.978,5.053,5.120,5.104,5.005
Gràcia,Barcelona,4.595,4.552,4.270,4.118,3.965,3.879,3.828,3.895,3.944,3.913,3.925,3.909,3.750,3.574,3.462,3.375,3.166,3.026,2.958,2.868,2.814,2.893,3.022,3.024,2.882,2.905,2.974,2.995,3.034,3.087,3.143,3.195,3.164,3.227,3.404,3.610,3.738,3.875,4.072,4.157,4.379,4.521,4.393,4.346
Horta Guinardó,Barcelona,3.933,3.932,3.682,3.474,3.362,3.316,3.231,3.250,3.259,3.238,3.204,3.117,3.003,2.876,2.827,2.700,2.607,2.500,2.349,2.378,2.218,2.204,2.316,2.223,2.277,2.265,2.236,2.208,2.230,2.226,2.247,2.302,2.301,2.329,2.415,2.493,2.589,2.805,2.937,2.951,3.079,3.053,3.021,3.092
Les Corts,Barcelona,5.401,5.312,5.047,4.950,4.905,4.800,4.639,4.544,4.680,4.759,4.867,4.912,4.746,4.523,4.356,4.298,4.241,4.298,4.062,3.947,4.049,3.973,4.019,4.037,4.064,4.079,4.047,4.173,4.184,4.195,4.220,4.239,4.486,4.544,4.531,4.756,5.175,5.093,5.156,5.207,5.096,5.071,4.954,4.896
Nou Barris,Barcelona,3.566,3.517,3.301,3.200,3.025,2.961,2.931,2.871,2.846,2.807,2.802,2.719,2.650,2.527,2.505,2.356,2.213,2.160,2.079,1.981,1.983,1.892,1.952,1.836,1.814,1.735,1.718,1.672,1.754,1.749,1.786,1.777,1.775,1.779,1.849,1.945,1.939,2.094,2.126,2.220,2.309,2.358,2.458,2.491
Sant Andreu,Barcelona,3.906,3.888,3.582,3.438,3.287,3.283,3.283,3.161,3.151,3.102,3.039,2.994,2.911,2.820,2.704,2.590,2.536,2.443,2.449,2.314,2.192,2.150,2.233,2.120,2.091,2.079,2.086,2.120,2.151,2.149,2.198,2.197,2.172,2.227,2.211,2.328,2.379,2.440,2.729,2.877,3.014,2.968,3.025,2.926
Sant Martí,Barcelona,4.409,4.369,4.093,3.981,3.753,3.713,3.681,3.710,3.659,3.654,3.631,3.643,3.506,3.430,3.347,3.203,3.062,2.956,2.869,2.854,2.757,2.817,3.126,2.957,2.972,3.201,3.124,3.226,3.321,3.302,3.634,3.530,3.382,3.440,3.617,3.954,4.138,4.231,4.161,3.984,4.029,4.179,4.104,4.214
Sants-Montjuïc,Barcelona,4.246,4.167,3.823,3.652,3.572,3.439,3.446,3.427,3.414,3.317,3.272,3.182,3.085,2.998,2.877,2.767,2.691,2.567,2.510,2.418,2.386,2.273,2.482,2.463,2.432,2.438,2.406,2.446,2.414,2.510,2.513,2.618,2.652,2.693,2.762,2.897,3.171,3.303,3.388,3.617,3.794,3.727,3.773,3.621
Sarrià-Sant gervasi,Barcelona,5.685,5.625,5.425,5.434,5.197,5.118,5.108,5.094,4.984,4.877,4.938,4.964,4.773,4.629,4.459,4.321,4.177,4.043,3.962,3.804,3.692,3.617,3.839,3.921,4.010,3.995,4.013,4.065,4.130,4.227,4.325,4.367,4.598,4.551,4.685,4.818,4.983,5.136,5.199,5.204,5.231,5.340,5.323,5.351
Barcelona,Barcelona,4.594,4.513,4.275,4.222,4.082,4.020,3.967,3.966,3.952,3.954,3.935,3.916,3.782,3.632,3.533,3.434,3.332,3.260,3.202,3.114,3.045,3.035,2.957,3.019,3.067,3.100,3.116,3.188,3.263,3.293,3.401,3.392,3.478,3.533,3.667,3.879,4.123,4.253,4.335,4.284,4.334,4.400,4.388,4.344
Arenys De Mar,Barcelona,n.d.,n.d.,n.d.,n.d.,n.d.,n.d.,2.910,2.861,2.781,2.759,2.742,2.735,2.677,2.618,2.568,2.415,2.380,2.263,2.285,2.259,2.158,2.106,1.861,1.867,1.792,1.763,1.751,1.657,1.698,1.693,1.688,1.699,1.694,1.669,1.671,1.662,1.724,1.809,1.773,1.827,2.009,2.112,2.129,2.157
Arenys De Munt,Barcelona,n.d.,n.d.,n.d.,n.d.,n.d.,n.d.,n.d.,n.d.,n.d.,n.d.,n.d.,2.445,2.315,2.196,2.106,2.014,1.982,1.874,1.937,1.924,1.835,1.864,1.794,1.647,1.503,1.542,1.550,1.618,1.641,1.582,1.536,1.467,1.474,1.444,1.452,1.471,1.453,1.452,1.500,1.554,1.586,1.614,1.548,1.615
Badalona,Barcelona,3.458,3.324,3.147,3.107,2.967,2.909,2.824,2.878,2.765,2.684,2.746,2.761,2.676,2.671,2.588,2.493,2.433,2.401,2.320,2.269,2.184,2.121,1.999,1.940,1.912,1.853,1.835,1.848,1.892,1.843,1.837,1.798,1.831,1.769,1.852,1.899,1.853,1.941,1.993,2.041,2.114,2.221,2.259,2.276
Barberá De Vallès,Barcelona,3.030,2.930,2.848,2.786,2.738,2.599,2.606,2.529,2.462,2.478,2.434,2.367,2.286,2.290,2.273,2.274,2.160,2.035,2.052,1.920,1.903,1.782,1.814,1.712,1.773,1.732,1.671,1.623,1.584,1.542,1.558,1.503,1.530,1.615,1.641,1.742,1.699,1.838,1.832,1.884,2.015,2.098,2.079,2.117
Calella,Barcelona,n.d.,n.d.,n.d.,2.770,2.724,2.512,2.497,n.d.,n.d.,n.d.,n.d.,2.258,2.248,2.182,2.162,2.152,2.018,1.879,1.889,1.910,1.947,1.968,1.768,1.685,1.764,1.646,1.688,1.645,1.622,1.611,1.580,1.568,1.577,1.615,1.581,1.512,1.553,1.599,1.577,1.592,1.660,1.718,1.733,1.736
Canovelles,Barcelona,n.d.,n.d.,n.d.,n.d.,n.d.,n.d.,n.d.,n.d.,n.d.,n.d.,n.d.,2.145,2.045,2.109,2.103,1.873,1.774,1.826,1.843,1.743,1.711,1.731,1.712,1.549,1.438,1.313,1.326,1.290,1.258,1.257,1.273,1.213,1.207,1.163,1.110,1.153,1.114,1.165,1.151,1.157,1.250,1.285,1.301,1.319
Cardedeu,Barcelona,n.d.,n.d.,n.d.,n.d.,n.d.,n.d.,n.d.,n.d.,n.d.,n.d.,n.d.,2.461,2.409,2.344,2.312,2.222,2.087,2.095,2.127,2.091,1.961,1.879,1.894,1.814,1.825,1.792,1.744,1.658,1.761,1.809,1.740,1.703,1.650,1.620,1.584,1.681,1.693,1.644,1.721,1.877,2.086,2.256,2.207,2.226
Castellar Del Vallès,Barcelona,n.d.,n.d.,n.d.,n.d.,n.d.,n.d.,n.d.,n.d.,n.d.,n.d.,n.d.,2.215,2.173,2.091,1.977,2.035,1.904,1.774,1.833,1.847,1.783,1.689,1.748,1.697,1.686,1.593,1.520,1.512,1.526,1.517,1.503,1.521,1.526,1.519,1.533,1.561,1.536,1.673,1.688,1.725,1.765,2.020,2.043,2.034
Castelldefels,Barcelona,4.173,4.084,3.824,3.589,3.537,3.613,3.517,3.473,3.362,3.416,3.334,3.330,3.348,3.300,3.211,3.139,3.157,2.960,2.890,2.786,2.602,2.576,2.506,2.498,2.524,2.552,2.546,2.579,2.574,2.559,2.598,2.672,2.708,2.771,2.750,2.787,2.963,3.043,3.031,3.087,3.224,3.421,3.407,3.371
Cerdanyola Del Vallès,Barcelona,3.439,3.415,3.321,3.248,3.155,3.065,3.030,2.986,2.878,2.892,2.855,2.783,2.746,2.719,2.733,2.642,2.581,2.492,2.381,2.340,2.254,2.251,2.215,2.090,2.149,2.062,2.076,2.044,1.934,1.929,1.973,2.000,1.942,1.975,1.977,2.005,1.989,2.179,2.161,2.189,2.305,2.491,2.510,2.551
Corbera De Llobregat,Barcelona,n.d.,n.d.,n.d.,n.d.,n.d.,n.d.,n.d.,n.d.,n.d.,n.d.,n.d.,n.d.,n.d.,n.d.,n.d.,n.d.,n.d.,n.d.,n.d.,n.d.,n.d.,n.d.,1.963,1.713,1.795,1.716,1.742,1.811,1.732,1.648,1.634,1.650,1.603,1.648,1.589,1.454,1.485,1.551,1.798,1.790,1.952,1.989,1.703,1.791
Cornellà De Llobregat,Barcelona,3.820,3.686,3.449,3.268,3.232,3.092,3.003,2.995,2.922,2.928,2.884,2.821,2.755,2.711,2.656,2.558,2.461,2.373,2.303,2.186,2.137,2.147,2.188,2.011,2.039,1.862,1.824,1.832,1.901,1.978,1.979,1.928,1.954,2.028,2.030,2.037,2.167,2.208,2.298,2.301,2.378,2.455,2.471,2.474
Cubelles,Barcelona,2.913,2.870,2.799,2.786,2.691,2.752,2.708,2.603,2.570,2.528,2.452,2.400,2.404,2.304,2.220,2.288,2.183,2.134,2.121,2.158,2.034,1.999,1.972,1.955,1.904,1.905,1.866,1.956,1.924,1.853,1.830,1.814,1.792,1.766,1.774,1.784,1.784,1.873,1.952,1.928,1.945,2.031,1.997,1.997
Esparraguera,Barcelona,n.d.,n.d.,n.d.,2.780,n.d.,2.422,2.471,2.416,2.337,2.280,2.272,2.227,2.274,2.090,2.008,2.009,1.972,1.931,1.976,1.914,1.854,1.793,1.657,1.660,1.625,1.479,1.470,1.420,1.434,1.420,1.349,1.420,1.423,1.418,1.425,1.434,1.409,1.474,1.535,1.461,1.532,1.505,1.534,1.546
Esplugues De Llobregat,Barcelona,4.081,3.966,3.922,3.759,3.557,3.556,3.545,3.530,3.528,3.444,3.474,3.457,3.310,3.161,3.094,2.967,2.820,2.671,2.628,2.613,2.568,2.472,2.321,2.295,2.162,2.209,2.175,2.191,2.222,2.273,2.248,2.220,2.304,2.374,2.344,2.354,2.363,2.537,2.864,2.886,2.901,3.021,3.165,3.069
La Garriga,Barcelona,n.d.,n.d.,n.d.,2.793,n.d.,jul.-07,jun.-07,may.-07,abr.-07,mar.-07,mar.-07,ene.-07,nov.-06,oct.-06,jul.-06,feb.-06,nov.-05,nov.-05,nov.-05,2.092,2.075,1.955,2.030,2.004,1.915,1.840,1.836,1.782,1.728,1.695,1.677,1.649,1.682,1.692,1.746,1.790,1.751,1.739,1.789,1.777,1.924,1.997,2.037,2.077
Les Franqueses Del Vallès,Barcelona,n.d.,n.d.,n.d.,n.d.,n.d.,n.d.,n.d.,n.d.,2.500,2.413,2.524,2.410,2.274,2.267,2.179,2.129,2.084,2.007,2.010,1.998,2.000,1.932,1.798,1.697,1.877,1.852,1.772,1.747,1.445,1.435,1.510,1.454,1.504,1.563,1.551,1.623,1.599,1.636,1.606,1.561,1.825,2.024,1.743,1.911
Gavá,Barcelona,3.595,3.468,3.401,3.288,3.234,3.215,3.228,3.183,3.135,3.204,3.198,3.108,3.113,3.074,2.914,2.879,2.755,2.708,2.623,2.542,2.549,2.486,2.360,2.442,2.468,2.452,2.449,2.299,2.407,2.405,2.507,2.400,2.455,2.370,2.430,2.421,2.575,2.721,2.605,2.598,2.712,2.917,2.951,3.057
Granollers,Barcelona,3.231,3.171,3.087,2.923,2.819,2.724,2.733,2.656,2.634,2.654,2.588,2.616,2.507,2.435,2.401,2.262,2.081,2.089,2.032,1.921,1.962,1.799,1.796,1.803,1.867,1.669,1.689,1.635,1.622,1.586,1.639,1.573,1.591,1.581,1.637,1.658,1.616,1.686,1.781,1.835,1.865,2.011,1.961,2.034
Hospitalet De Llobregat,Barcelona,3.830,3.699,3.470,3.327,3.181,3.095,3.038,2.926,2.861,2.804,2.804,2.773,2.666,2.550,2.459,2.344,2.267,2.127,2.148,2.002,1.966,1.887,2.008,1.928,1.979,1.834,1.811,1.846,1.735,1.752,1.801,1.722,1.683,1.641,1.748,1.922,1.947,2.021,2.156,2.170,2.274,2.348,2.356,2.389
Igualada,Barcelona,2.503,2.398,2.188,2.206,2.132,2.078,1.963,1.901,1.864,1.808,1.803,1.773,1.751,1.721,1.741,1.632,1.513,1.511,1.463,1.432,1.414,1.415,1.337,1.278,1.279,1.248,1.261,1.229,1.211,1.213,1.144,1.131,1.109,1.092,1.100,1.126,1.114,1.090,1.142,1.061,1.090,1.201,1.080,1.104
Malgrat Del Mar,Barcelona,2.894,2.768,2.638,2.482,2.390,2.283,2.291,2.263,2.269,2.217,2.234,2.168,2.207,2.019,2.088,2.066,1.982,1.872,1.829,1.779,1.740,1.734,1.697,1.717,1.603,1.562,1.578,1.569,1.559,1.496,1.493,1.516,1.472,1.447,1.436,1.478,1.509,1.493,1.534,1.519,1.542,1.548,1.531,1.604
Manresa,Barcelona,2.638,2.554,2.381,2.337,2.232,2.209,2.175,2.027,1.942,1.883,1.874,1.798,1.703,1.666,1.647,1.509,1.435,1.353,1.280,1.227,1.226,1.210,1.218,1.195,1.101,1.046,1.052,1.039,993,976,940,970,904,894,940,990,981,1.004,1.039,951,1.007,1.041,1.040,1.132
Martorell,Barcelona,2.966,2.895,2.776,2.638,2.421,2.385,2.422,2.388,2.311,2.292,2.290,2.248,2.159,2.063,2.037,1.990,1.869,1.715,1.786,1.672,1.688,1.626,1.537,1.476,1.446,1.342,1.325,1.280,1.275,1.299,1.353,1.312,1.312,1.327,1.359,1.385,1.375,1.491,1.492,1.441,1.531,1.609,1.616,1.516
Masnou,Barcelona,3.958,3.888,3.747,3.693,3.530,n.d.,n.d.,n.d.,n.d.,n.d.,n.d.,3.209,3.230,3.221,3.144,3.063,2.977,2.957,2.786,2.827,2.774,2.734,2.501,2.467,2.482,2.361,2.333,2.392,2.355,2.418,2.337,2.346,2.331,2.297,2.260,2.350,2.487,2.605,2.642,2.593,2.652,2.964,3.020,2.938
Mataró,Barcelona,3.260,3.138,3.002,2.833,2.837,2.779,2.760,2.665,2.696,2.763,2.696,2.630,2.459,2.425,2.365,2.270,2.143,1.939,1.926,1.831,1.773,1.735,1.748,1.638,1.666,1.608,1.589,1.602,1.594,1.585,1.617,1.609,1.600,1.607,1.652,1.657,1.664,1.759,1.850,1.879,1.918,2.061,2.096,2.063
Molins De Rei,Barcelona,3.723,3.609,3.354,3.279,3.189,3.091,3.088,3.044,3.032,3.040,3.004,2.937,2.861,2.782,2.759,2.631,2.503,2.418,2.378,2.348,2.311,2.256,2.183,2.106,2.122,2.046,2.038,2.077,2.167,2.092,2.053,2.023,1.976,2.020,2.064,2.200,2.065,2.136,2.245,2.214,2.205,2.269,2.282,2.378
Mollet Del Vallès,Barcelona,3.157,3.030,2.832,2.731,2.641,2.622,2.546,2.568,2.525,2.461,2.433,2.345,2.266,2.157,2.186,2.051,2.114,2.043,2.056,2.003,1.989,1.882,1.945,1.740,1.752,1.660,1.684,1.591,1.643,1.622,1.566,1.562,1.594,1.581,1.636,1.650,1.655,1.774,1.826,1.789,1.829,1.885,1.914,1.869
Montcada I Reixac,Barcelona,3.317,3.220,2.938,2.799,2.652,2.633,2.602,2.616,2.520,2.487,2.438,2.470,2.343,2.257,2.243,2.136,2.074,1.946,1.979,1.904,1.855,1.846,1.992,1.959,1.890,1.867,1.850,1.796,1.738,1.922,1.668,1.599,1.523,1.531,1.579,1.756,1.715,1.808,1.856,1.818,1.902,1.921,1.972,1.952
Montornès Del Vallès,Barcelona,n.d.,n.d.,n.d.,n.d.,n.d.,n.d.,n.d.,n.d.,n.d.,n.d.,n.d.,2.266,2.251,2.152,2.108,2.005,1.851,1.802,1.716,1.634,1.640,1.508,1.479,1.519,1.407,1.445,1.409,1.282,1.273,1.306,1.366,1.277,1.263,1.261,1.248,1.390,1.255,1.356,1.439,1.472,1.619,1.652,1.794,1.749
Olesa De Monserrat,Barcelona,2.672,2.640,2.569,2.532,2.513,2.450,2.339,2.320,2.286,2.200,2.213,2.144,2.489,2.399,2.323,2.247,2.217,2.207,2.167,2.132,2.078,2.041,1.728,1.866,1.562,1.414,1.401,1.461,1.473,1.488,1.490,1.382,1.337,1.343,1.388,1.415,1.428,1.497,1.619,1.726,1.636,1.755,1.857,1.842
Palafols,Barcelona,n.d.,n.d.,n.d.,n.d.,n.d.,n.d.,n.d.,n.d.,n.d.,n.d.,n.d.,2.142,2.104,2.018,2.015,1.979,1.960,1.857,1.858,1.779,1.710,1.586,1.574,1.429,1.567,1.496,1.507,1.582,1.528,1.526,1.484,1.394,1.439,1.438,1.413,1.436,1.416,1.466,1.418,1.427,1.426,1.371,1.411,1.466
Parets Del Vallès,Barcelona,n.d.,n.d.,n.d.,n.d.,n.d.,n.d.,n.d.,n.d.,n.d.,n.d.,n.d.,2.512,2.451,2.398,2.298,2.251,2.118,2.131,2.092,2.126,2.074,2.002,1.972,1.911,1.864,1.777,1.750,1.724,1.787,1.703,1.696,1.790,1.777,1.778,1.792,1.787,1.822,1.821,1.828,1.832,1.832,1.751,1.876,2.016
Pineda De Mar,Barcelona,3.098,3.026,2.765,2.649,2.606,2.500,2.553,2.475,2.448,2.360,2.300,2.228,2.164,2.124,2.107,2.069,2.007,1.792,1.810,1.763,1.722,1.674,1.648,1.601,1.547,1.510,1.501,1.462,1.482,1.482,1.453,1.424,1.453,1.450,1.464,1.496,1.440,1.486,1.563,1.587,1.561,1.589,1.622,1.645
Prat De Llobregat,Barcelona,3.472,3.382,3.202,3.069,2.929,2.900,2.865,2.762,2.788,2.828,2.807,2.732,2.609,2.574,2.516,2.438,2.345,2.279,2.264,2.184,2.189,2.067,2.078,1.967,2.020,1.965,1.931,1.962,1.962,2.015,1.985,1.945,1.986,2.040,2.099,2.146,2.130,2.223,2.188,2.271,2.364,2.370,2.389,2.451
Premiá De Mar,Barcelona,3.454,3.319,3.093,2.945,2.896,2.842,2.773,2.807,2.812,2.782,2.745,2.690,2.667,2.572,2.557,2.496,2.448,2.269,2.283,2.177,2.291,2.095,2.107,2.096,1.977,1.966,1.901,1.887,1.949,1.881,1.867,1.828,1.875,1.792,1.767,1.782,1.867,1.873,1.943,1.944,2.007,2.029,2.072,2.223
Ripollet,Barcelona,3.288,3.199,3.030,2.929,2.849,2.787,2.760,2.660,2.616,2.554,2.542,2.468,2.422,2.370,2.332,2.249,2.173,2.064,2.031,2.017,1.951,1.933,1.792,1.778,1.771,1.634,1.634,1.572,1.569,1.584,1.652,1.618,1.612,1.632,1.650,1.692,1.720,1.745,1.772,1.770,1.826,1.939,2.014,2.185
Rubí,Barcelona,3.074,2.953,2.778,2.681,2.606,2.583,2.512,2.487,2.476,2.428,2.416,2.349,2.299,2.264,2.196,2.061,2.005,1.840,1.871,1.860,1.875,1.808,1.769,1.711,1.647,1.572,1.566,1.560,1.543,1.550,1.530,1.533,1.502,1.461,1.510,1.582,1.606,1.640,1.675,1.769,1.826,1.911,1.897,1.915
Sabadell,Barcelona,3.139,3.025,2.857,2.802,2.705,2.659,2.623,2.573,2.568,2.472,2.426,2.409,2.299,2.216,2.173,2.114,2.037,1.991,1.919,1.783,1.745,1.684,1.716,1.649,1.566,1.467,1.467,1.467,1.465,1.470,1.460,1.439,1.433,1.402,1.444,1.502,1.533,1.597,1.652,1.667,1.785,1.854,1.933,1.961
Sant Adrià Del Besos,Barcelona,3.477,3.337,3.282,3.130,3.067,3.092,3.004,2.945,2.815,2.765,2.767,2.799,2.810,2.692,2.553,2.465,2.315,2.252,2.264,2.228,2.205,2.179,1.906,2.029,1.784,1.755,1.768,1.773,1.867,1.847,1.826,1.863,1.735,1.799,1.926,2.038,2.045,2.213,2.310,2.366,2.416,2.523,2.647,2.709
Sant Andreu De La Barca,Barcelona,3.140,3.033,2.874,2.800,2.696,2.601,2.495,2.470,2.482,2.431,2.415,2.377,2.328,2.326,2.303,2.223,2.161,2.063,2.043,1.966,1.985,1.810,1.922,1.966,1.778,1.691,1.701,1.646,1.645,1.713,1.729,1.681,1.704,1.717,1.688,1.794,1.684,1.782,1.831,1.741,1.909,1.898,1.837,1.869
Sant Andreu De Llavaneres,Barcelona,n.d.,n.d.,n.d.,3.487,3.231,3.158,3.001,n.d.,2.964,3.015,3.014,2.900,2.911,2.830,2.734,2.704,2.607,2.555,2.502,2.291,2.122,2.102,2.114,2.012,2.054,2.082,2.020,2.020,2.068,2.109,2.079,2.064,1.800,2.025,2.121,2.060,2.084,2.051,2.141,2.179,2.270,2.294,2.344,2.415
Sant Boi De Llobregat,Barcelona,3.316,3.200,3.062,2.927,2.810,2.706,2.665,2.697,2.582,2.541,2.576,2.590,2.557,2.473,2.384,2.385,2.234,2.117,2.042,1.986,1.960,1.959,1.969,1.885,1.895,1.841,1.780,1.740,1.748,1.739,1.778,1.798,1.706,1.756,1.810,1.850,1.851,1.881,1.898,1.918,2.002,2.096,2.138,2.133
Sant Celoni,Barcelona,n.d.,n.d.,n.d.,n.d.,n.d.,n.d.,n.d.,n.d.,n.d.,n.d.,n.d.,2.048,2.097,2.091,2.026,2.111,1.978,1.925,1.839,1.695,196,1.504,1.583,1.567,1.544,1.510,1.523,1.256,1.271,1.343,1.539,1.408,1.409,1.455,1.447,1.483,1.462,1.454,1.440,1.422,1.490,1.484,1.496,1.518
Sant Cugat Del Vallès,Barcelona,4.610,4.489,4.325,4.308,4.144,4.109,4.088,4.027,4.021,3.953,4.055,3.932,3.849,3.711,3.611,3.454,3.344,3.340,3.238,3.143,3.040,3.009,2.645,2.726,2.601,2.671,2.726,2.770,2.851,2.844,2.855,2.985,3.090,3.088,3.019,3.116,3.102,3.424,3.506,3.768,3.837,3.909,3.928,3.933
Sant Feliu De Llobregat,Barcelona,3.640,3.557,3.466,3.383,3.394,3.234,3.153,3.128,3.101,3.044,2.986,3.040,2.962,2.945,2.923,2.757,2.702,2.664,2.598,n.d.,n.d.,n.d.,2.342,2.295,2.254,n.d.,2.132,2.094,2.076,2.075,2.057,1.979,2.041,2.155,2.178,2.241,2.294,2.421,2.337,2.376,2.361,2.431,2.504,2.516
Sant Joan Despí,Barcelona,3.958,3.956,3.882,3.662,3.454,3.490,3.417,3.380,3.444,3.452,3.458,3.373,3.237,3.183,3.094,3.015,2.964,2.854,2.743,2.607,2.487,2.455,2.394,2.371,2.316,2.289,2.255,2.196,2.239,2.144,2.259,2.138,2.265,2.211,2.241,2.290,2.342,2.514,2.440,2.426,2.477,2.759,2.638,2.735
Sant Just Desvern,Barcelona,n.d.,n.d.,n.d.,n.d.,n.d.,n.d.,n.d.,n.d.,n.d.,n.d.,n.d.,n.d.,n.d.,n.d.,n.d.,n.d.,n.d.,n.d.,n.d.,n.d.,n.d.,n.d.,2.557,2.551,2.414,2.411,2.342,2.619,2.493,2.583,2.591,2.618,2.457,2.560,2.653,2.744,2.936,2.903,3.062,3.528,3.798,3.933,3.951,3.852
Sant Pere De Ribes,Barcelona,3.147,3.023,2.882,2.777,2.705,2.738,2.844,2.752,2.555,2.481,2.401,2.349,2.299,2.258,2.207,2.128,2.050,1.982,1.952,1.897,1.895,1.894,1.804,1.770,1.739,1.739,1.756,1.778,1.769,1.773,1.763,1.754,1.779,1.717,1.739,1.712,1.720,1.697,1.777,1.808,1.843,1.922,1.920,2.079
Sant Quirze Del Vallès,Barcelona,3.567,3.418,n.d.,n.d.,n.d.,n.d.,n.d.,n.d.,n.d.,n.d.,n.d.,2.686,2.580,2.599,2.585,2.478,2.400,2.374,2.245,2.296,2.333,2.218,2.229,2.193,2.158,2.075,2.044,1.987,2.100,2.071,2.040,2.070,2.120,2.039,2.060,2.161,2.118,2.461,2.398,2.485,2.715,2.683,2.667,2.710
Sant Vincenç De Castellet,Barcelona,n.d.,n.d.,n.d.,n.d.,n.d.,n.d.,n.d.,n.d.,n.d.,n.d.,n.d.,1.677,1.687,1.680,1.687,1.665,1.637,1.555,1.418,1.399,1.415,1.336,1.271,1.290,1.285,1.277,1.296,1.394,1.249,1.306,1.130,1.199,1.156,1.123,1.135,1.100,1.098,1.075,1.098,1.036,1.012,1.085,1.089,1.174
Sant Vicenç Dels Horts,Barcelona,3.091,3.084,2.921,2.837,2.662,2.690,2.649,2.651,2.552,2.532,2.507,2.458,2.473,2.445,2.464,2.368,2.319,2.213,2.227,2.179,2.072,1.946,1.825,1.854,1.715,1.683,1.621,1.592,1.637,1.606,1.632,1.568,1.639,1.621,1.619,1.695,1.674,1.719,1.796,1.853,1.903,2.008,2.003,1.948
Santa Coloma De Gramenet,Barcelona,3.273,3.146,2.988,2.957,2.875,2.916,2.876,2.735,2.640,2.653,2.712,2.630,2.577,2.526,2.486,2.331,2.197,2.117,2.087,1.989,1.887,1.731,1.681,1.632,1.575,1.549,1.527,1.544,1.528,1.529,1.499,1.545,1.472,1.479,1.551,1.581,1.526,1.676,1.741,1.736,1.784,1.898,1.880,1.918
Santa Perpètua De Mogoda,Barcelona,3.016,2.952,2.828,2.824,2.696,2.615,2.601,2.508,2.416,2.486,2.457,2.438,2.454,2.361,2.273,2.237,2.269,2.261,2.164,2.127,2.076,1.866,1.717,1.648,1.661,1.590,1.575,1.524,1.598,1.581,1.605,1.576,1.550,1.575,1.578,1.497,1.470,1.560,1.688,1.779,1.754,1.797,1.830,1.897
Sitges,Barcelona,5.064,5.072,5.133,4.845,4.448,4.381,4.348,4.279,4.264,4.334,4.232,4.312,4.324,4.361,4.255,4.236,4.072,3.979,3.872,3.819,3.832,3.508,3.125,3.020,3.079,3.101,3.151,3.296,3.439,3.499,3.546,3.581,3.613,3.702,3.657,3.744,3.847,3.862,3.753,3.776,3.769,3.856,3.898,3.849
Terrassa,Barcelona,2.980,2.857,2.709,2.623,2.535,2.441,2.420,2.340,2.302,2.213,2.158,2.124,2.059,2.055,2.045,1.995,1.916,1.781,1.750,1.719,1.770,1.608,1.625,1.533,1.475,1.372,1.347,1.339,1.354,1.371,1.331,1.305,1.293,1.293,1.320,1.380,1.370,1.458,1.558,1.562,1.616,1.688,1.724,1.738
Tordera,Barcelona,n.d.,n.d.,n.d.,n.d.,n.d.,n.d.,n.d.,n.d.,n.d.,n.d.,n.d.,1.801,1.785,1.727,1.579,1.471,1.586,1.562,1.544,1.471,1.387,1.291,1.371,1.293,1.229,1.267,1.240,1.206,1.190,1.170,1.153,1.283,1.264,1.171,1.092,1.134,1.117,1.131,1.117,1.106,1.092,1.122,1.089,1.146
Vic,Barcelona,2.569,2.489,2.532,2.438,2.249,2.281,2.160,2.101,2.067,2.050,1.983,1.902,1.409,1.549,1.621,1.467,1.425,1.482,1.448,1.471,1.363,1.291,1.319,1.334,1.311,1.279,1.273,1.525,1.565,1.563,1.552,1.332,1.357,1.288,1.258,1.357,1.367,1.407,1.473,1.506,1.526,1.650,1.609,1.643
Viladecans,Barcelona,3.523,3.401,3.277,3.204,2.977,2.974,2.954,2.898,2.886,2.878,2.852,2.840,2.794,2.784,2.720,2.664,2.601,2.534,2.457,2.292,2.219,2.139,2.165,2.014,1.982,1.929,1.877,1.899,1.868,1.838,1.834,1.825,1.857,1.904,1.942,1.980,2.070,2.113,2.195,2.227,2.296,2.256,2.250,2.328
Vilafranca Del Penedès,Barcelona,2.586,2.560,2.470,2.345,2.244,1.695,2.171,2.089,2.151,2.074,2.020,1.959,1.923,1.785,1.714,1.676,1.627,1.585,1.584,1.468,1.446,1.367,1.408,1.396,1.368,1.252,1.242,1.251,1.233,1.255,1.206,1.264,1.289,1.156,1.185,1.242,1.308,1.332,1.381,1.408,1.459,1.551,1.554,1.523
Vilanova Del Camí,Barcelona,n.d.,n.d.,n.d.,n.d.,n.d.,n.d.,n.d.,n.d.,n.d.,n.d.,n.d.,1.586,1.543,1.538,1.522,1.513,1.476,1.412,1.310,1.299,1.227,1.130,1.280,1.206,1.286,1.163,1.212,1.188,1.119,1.143,1.031,1.072,1.007,985,951,956,906,947,954,853,948,916,922,975
Vilanova I La Geltru,Barcelona,3.291,3.153,2.973,2.870,2.917,2.820,2.738,2.703,2.612,2.536,2.600,2.590,2.528,2.430,2.428,2.261,2.214,2.184,2.145,2.023,2.007,2.003,1.884,1.806,1.752,1.669,1.676,1.671,1.652,1.694,1.701,1.673,1.681,1.677,1.633,1.659,1.694,1.800,1.899,1.932,1.986,2.072,2.069,2.040
Vilassar De Mar,Barcelona,3.872,3.808,3.658,n.d.,3.349,3.365,3.323,3.255,3.421,3.345,3.461,3.460,3.284,3.257,3.181,3.025,2.901,2.782,2.713,2.628,2.552,2.401,2.442,2.369,2.363,2.351,2.309,2.264,2.227,2.244,2.301,2.354,2.393,2.397,2.416,2.596,2.520,2.638,2.605,2.642,2.710,2.759,2.749,2.660
Adra,Almeria,n.d.,n.d.,n.d.,n.d.,n.d.,n.d.,n.d.,n.d.,n.d.,n.d.,n.d.,1.360,1.315,1.287,1.269,1.138,1.117,1.096,1.129,1.063,1.061,1.041,910,904,927,908,872,898,897,914,861,901,884,875,757,982,938,927,978,873,896,878,889,859
Aguadulce,Almeria,n.d.,n.d.,n.d.,n.d.,n.d.,n.d.,n.d.,n.d.,n.d.,n.d.,n.d.,n.d.,n.d.,n.d.,n.d.,n.d.,n.d.,n.d.,n.d.,n.d.,n.d.,n.d.,445,445,624,540,611,1.197,833,767,767,813,860,839,847,1.092,969,810,694,674,600,757,600,600
Almería,Almeria,2.227,2.217,2.134,2.085,2.049,2.009,1.947,1.913,1.868,1.853,1.810,1.808,1.840,1.795,1.772,1.708,1.661,1.631,1.577,1.545,1.528,1.513,1.406,1.370,1.318,1.301,1.273,1.231,1.230,1.211,1.211,1.209,1.181,1.174,1.163,1.136,1.114,1.112,1.127,1.078,1.098,1.102,1.133,1.140
Almerimar,Almeria,n.d.,n.d.,n.d.,2.186,2.106,2.039,1.969,1.926,1.997,1.948,1.948,1.933,1.943,1.900,1.923,1.701,1.783,1.700,1.678,1.657,1.636,1.556,1.616,1.579,1.610,1.563,1.559,1.544,1.535,1.436,1.151,1.238,1.301,1.382,1.332,n.d.,n.d.,n.d.,n.d.,n.d.,n.d.,n.d.,n.d.,n.d.
Carboneras,Almeria,n.d.,n.d.,n.d.,n.d.,n.d.,n.d.,1.887,1.948,1.948,1.909,1.838,1.820,1.754,1.661,1.616,1.571,1.596,1.600,1.578,1.553,1.561,1.500,1.380,1.370,1.373,1.348,1.331,1.295,1.283,1.313,1.284,1.279,1.304,1.257,1.377,1.349,1.312,1.289,1.269,1.287,1.243,1.170,1.232,1.230
Cuevas Del Almanzora,Almeria,n.d.,n.d.,n.d.,n.d.,n.d.,n.d.,n.d.,n.d.,n.d.,n.d.,n.d.,1.220,1.159,1.076,1.077,1.041,991,912,996,920,909,918,922,873,800,792,769,1.080,1.101,1.087,1.171,1.038,1.094,1.077,1.081,839,788,779,832,748,767,773,825,804
Ejido (El),Almeria,n.d.,n.d.,n.d.,n.d.,n.d.,n.d.,n.d.,n.d.,n.d.,n.d.,n.d.,n.d.,n.d.,n.d.,n.d.,n.d.,n.d.,n.d.,n.d.,n.d.,n.d.,n.d.,n.d.,n.d.,n.d.,n.d.,n.d.,n.d.,n.d.,n.d.,n.d.,n.d.,n.d.,n.d.,n.d.,n.d.,n.d.,n.d.,n.d.,n.d.,n.d.,n.d.,n.d.,n.d.
Garrucha,Almeria,n.d.,n.d.,n.d.,1.803,1.788,1.726,1.708,1.659,1.650,1.603,1.561,1.512,1.497,1.467,1.448,1.417,1.386,1.337,1.398,1.530,1.338,1.298,1.180,1.313,1.310,1.281,1.270,1.232,1.113,1.191,1.225,1.275,1.319,1.311,1.326,1.099,1.034,1.046,1.109,1.043,1.097,1.126,1.136,1.114
Huércal De Almería,Almeria,n.d.,n.d.,n.d.,n.d.,n.d.,n.d.,1.621,1.686,1.657,1.605,1.571,1.490,1.403,1.361,1.346,1.315,1.240,1.218,1.190,1.196,1.181,1.172,1.089,1.090,1.032,1.003,1.022,1.057,1.049,1.033,1.069,1.037,1.043,1.021,994,1.009,1.010,999,1.015,961,1.000,987,971,972
Mojacar,Almeria,2.407,2.306,2.206,2.062,1.961,1.960,1.959,1.900,1.906,1.920,1.913,1.932,1.879,1.900,1.860,1.773,1.737,1.659,1.665,1.643,1.600,1.563,1.459,1.358,1.429,1.399,1.399,1.393,1.418,1.447,1.383,1.438,1.436,1.377,1.390,1.452,1.454,1.490,1.497,1.522,1.506,1.502,1.512,1.520
Retamar,Almeria,n.d.,n.d.,n.d.,n.d.,n.d.,n.d.,1.786,1.723,1.727,1.719,1.715,1.801,1.784,1.736,1.706,1.616,1.558,1.538,1.494,1.385,1.345,1.335,1.338,1.471,1.379,1.325,1.297,1.281,n.d.,n.d.,n.d.,n.d.,n.d.,n.d.,n.d.,n.d.,n.d.,n.d.,n.d.,n.d.,n.d.,n.d.,n.d.,n.d.
Roquetas De Mar,Almeria,2.033,1.966,1.919,1.840,1.776,1.757,1.739,1.704,1.666,1.640,1.565,1.576,1.518,1.512,1.498,1.400,1.323,1.317,1.305,1.268,1.284,1.277,1.257,1.235,1.166,1.148,1.141,1.134,1.117,1.099,1.071,1.087,1.055,1.050,1.056,1.049,1.023,1.055,1.063,1.009,1.043,1.056,1.071,1.069
El Toyo,Almeria,n.d.,n.d.,n.d.,n.d.,n.d.,n.d.,n.d.,n.d.,n.d.,n.d.,n.d.,2.922,2.866,1.742,1.538,1.488,1.493,1.480,1.430,1.386,1.374,1.348,1.243,1.253,1.284,1.260,1.277,1.276,n.d.,n.d.,n.d.,n.d.,n.d.,n.d.,n.d.,n.d.,n.d.,n.d.,n.d.,n.d.,n.d.,n.d.,n.d.,n.d.
Vera,Almeria,2.232,2.142,2.057,2.045,2.012,1.952,1.876,1.802,1.758,1.691,1.716,1.669,1.629,1.584,1.567,1.467,1.417,1.366,1.336,1.314,1.323,1.312,1.330,1.328,1.276,1.249,1.232,1.195,1.193,1.196,1.176,1.172,1.147,1.155,1.150,1.180,1.198,1.230,1.254,1.232,1.232,1.241,1.257,1.246
Viator,Almeria,n.d.,n.d.,n.d.,n.d.,n.d.,n.d.,n.d.,n.d.,n.d.,1.596,1.571,n.d.,n.d.,n.d.,1.317,1.196,1.235,1.271,1.214,1.299,1.291,1.196,1.151,1.045,1.077,930,921,885,813,819,785,826,865,865,888,870,869,860,928,836,837,842,868,871
Vícar,Almeria,1.693,1.627,1.581,1.544,1.512,1.465,1.410,1.422,1.357,1.280,1.324,1.331,1.290,1.155,1.161,1.060,995,911,951,886,851,857,802,783,799,738,759,716,765,746,762,725,744,742,758,717,685,720,724,676,707,686,726,734
Algeciras,Cadiz,1.790,1.727,1.732,1.680,1.655,1.603,1.588,1.560,1.530,1.496,1.494,1.452,1.437,1.410,1.384,1.321,1.221,1.217,1.207,1.184,1.177,1.167,1.106,1.092,1.055,1.017,1.006,969,970,975,961,943,947,913,934,921,875,915,916,874,901,895,927,927
Arcos De La Frontera,Cadiz,n.d.,n.d.,n.d.,n.d.,n.d.,n.d.,n.d.,n.d.,n.d.,n.d.,n.d.,1.134,1.107,1.111,1.117,1.032,995,972,966,921,917,877,706,711,679,664,669,671,629,641,631,642,684,674,659,674,632,635,660,639,638,619,637,686
Barbate,Cadiz,n.d.,n.d.,n.d.,n.d.,n.d.,n.d.,n.d.,2.048,2.043,2.037,2.016,1.939,1.850,1.793,1.841,1.836,1.698,1.674,1.698,1.694,1.627,1.543,1.562,1.482,1.621,1.683,1.580,1.563,1.509,1.427,1.389,1.387,1.350,1.457,1.469,1.391,1.398,1.425,1.431,1.430,1.453,1.390,1.441,1.438
Cádiz,Cadiz,3.358,3.259,3.111,2.958,2.951,2.819,2.783,2.760,2.658,2.683,2.803,2.789,2.792,2.643,2.630,2.598,2.523,2.398,2.337,2.285,2.196,2.142,1.953,1.983,1.964,1.959,1.959,1.909,1.887,1.927,1.930,1.920,1.902,1.915,1.939,1.932,1.953,1.939,1.965,1.975,2.010,2.019,2.091,2.094
Chipiona,Cadiz,n.d.,n.d.,n.d.,2.304,2.228,2.143,2.141,2.111,2.145,2.188,2.232,2.183,2.114,2.117,2.018,2.076,2.048,1.973,1.934,1.840,1.820,1.783,1.731,1.680,1.633,1.574,1.557,1.515,1.509,1.534,1.536,1.541,1.480,1.477,1.524,1.531,1.514,1.490,1.516,1.488,1.515,1.504,1.495,1.535
Conil De La Frontera,Cadiz,n.d.,n.d.,n.d.,2.487,2.365,2.339,2.357,2.332,2.259,2.262,2.272,2.223,2.196,2.181,2.123,2.124,2.082,1.959,1.920,1.855,1.844,1.682,1.709,1.682,1.663,1.655,1.635,1.620,1.630,1.669,1.673,1.687,1.657,1.666,1.699,1.731,1.752,1.765,1.757,1.748,1.799,1.813,1.836,1.803
Chiclana De La Frontera,Cadiz,2.517,2.483,2.353,2.184,2.150,2.128,2.158,2.125,2.172,2.184,2.150,2.048,2.042,1.966,1.887,1.941,1.875,1.856,1.809,1.716,1.619,1.528,1.494,1.583,1.363,1.487,1.464,1.490,1.461,1.460,1.404,1.388,1.319,1.375,1.398,1.425,1.359,1.402,1.439,1.457,1.497,1.428,1.516,1.517
Jerez De La Frontera,Cadiz,1.873,1.830,1.797,1.709,1.668,1.641,1.565,1.533,1.531,1.528,1.497,1.481,1.431,1.414,1.390,1.357,1.296,1.240,1.211,1.188,1.160,1.133,1.144,1.074,1.046,994,980,966,956,945,938,929,940,909,918,949,938,938,950,937,938,946,990,992
Línea De La Concepción (La),Cadiz,n.d.,n.d.,n.d.,n.d.,n.d.,n.d.,n.d.,n.d.,n.d.,n.d.,n.d.,n.d.,n.d.,n.d.,n.d.,n.d.,n.d.,n.d.,n.d.,n.d.,n.d.,n.d.,n.d.,n.d.,n.d.,n.d.,n.d.,n.d.,n.d.,n.d.,n.d.,n.d.,n.d.,n.d.,n.d.,n.d.,n.d.,n.d.,n.d.,n.d.,n.d.,n.d.,n.d.,n.d.
Puerto De Santa María,Cadiz,n.d.,n.d.,n.d.,n.d.,n.d.,n.d.,n.d.,n.d.,n.d.,n.d.,n.d.,n.d.,n.d.,n.d.,n.d.,n.d.,n.d.,n.d.,n.d.,n.d.,n.d.,n.d.,n.d.,n.d.,n.d.,n.d.,n.d.,n.d.,n.d.,n.d.,n.d.,n.d.,n.d.,n.d.,n.d.,n.d.,n.d.,n.d.,n.d.,n.d.,n.d.,n.d.,n.d.,n.d.
Puerto Real,Cadiz,n.d.,n.d.,n.d.,n.d.,n.d.,n.d.,n.d.,n.d.,n.d.,n.d.,n.d.,1.715,1.692,1.689,1.655,1.585,1.562,1.507,1.340,1.350,1.339,1.337,1.207,1.325,1.273,1.222,1.107,1.076,1.049,1.098,1.085,1.080,1.058,1.066,1.054,1.059,1.062,1.027,1.024,1.025,1.009,1.031,1.078,1.125
Rota,Cadiz,2.772,2.676,2.514,2.408,2.405,2.307,2.268,2.238,2.227,2.213,2.229,2.163,2.163,2.119,2.056,1.917,1.869,1.827,1.805,1.728,1.693,1.616,1.615,1.575,1.583,1.544,1.525,1.524,1.538,1.539,1.513,1.532,1.541,1.543,1.557,1.563,1.534,1.554,1.614,1.631,1.687,1.683,1.687,1.707
San Fernando,Cadiz,2.137,2.079,2.036,1.919,1.873,1.845,1.866,1.786,1.798,1.770,1.824,1.826,1.743,1.696,1.624,1.609,1.562,1.551,1.489,1.454,1.396,1.366,1.258,1.353,1.239,1.196,1.110,1.106,1.086,1.059,1.088,1.096,1.088,1.067,1.069,1.078,1.086,1.099,1.117,1.114,1.099,1.074,1.138,1.122
San Roque,Cadiz,n.d.,n.d.,n.d.,n.d.,n.d.,n.d.,n.d.,1.785,1.781,1.618,1.563,1.685,1.736,1.540,1.611,1.480,1.431,1.327,1.287,1.350,1.193,1.238,1.033,1.127,967,961,956,937,879,1.021,1.032,1.030,985,1.043,1.037,1.068,1.013,1.041,1.026,1.031,1.026,1.044,1.090,1.026
Sanlúcar De Barrameda,Cadiz,2.172,2.184,2.105,1.984,1.974,1.928,1.953,1.894,1.856,1.838,1.813,1.809,1.793,1.689,1.719,1.629,1.572,1.545,1.497,1.471,1.457,1.397,1.398,1.367,1.341,1.280,1.253,1.186,1.193,1.221,1.174,1.167,1.143,1.162,1.161,1.167,1.173,1.221,1.247,1.264,1.284,1.296,1.307,1.344
Sotogrande,Cadiz,n.d.,n.d.,n.d.,n.d.,n.d.,n.d.,n.d.,n.d.,n.d.,n.d.,n.d.,2.160,2.152,2.082,2.091,2.060,1.945,1.912,1.972,1.921,1.906,1.863,1.873,1.788,1.870,1.911,1.904,1.915,1.920,1.903,1.930,1.843,1.886,1.887,1.952,1.911,1.991,2.039,2.102,2.083,2.096,2.075,2.176,2.179
Zahara De Los Atunes,Cadiz,n.d.,n.d.,n.d.,n.d.,n.d.,n.d.,n.d.,n.d.,n.d.,n.d.,n.d.,2.566,2.561,2.509,2.461,2.367,2.297,2.250,2.159,2.063,2.020,2.023,1.969,1.969,2.075,2.021,2.011,2.019,2.049,2.079,2.081,2.090,2.079,2.166,2.190,2.167,2.184,2.260,2.228,2.165,2.210,2.261,2.253,2.278
Córdoba,Cordoba,2.387,2.339,2.325,2.288,2.244,2.162,2.143,2.109,2.079,2.043,2.029,2.035,2.032,1.972,1.891,1.821,1.778,1.736,1.711,1.641,1.600,1.560,1.474,1.476,1.406,1.395,1.385,1.374,1.353,1.339,1.357,1.361,1.398,1.385,1.381,1.375,1.348,1.341,1.348,1.373,1.369,1.391,1.393,1.406
Lucena,Cordoba,n.d.,n.d.,n.d.,1.424,1.411,1.404,1.405,1.415,1.356,1.316,1.289,1.293,1.256,1.202,1.139,1.107,1.024,967,981,866,813,854,852,873,819,790,806,770,794,782,771,823,838,819,801,808,807,805,815,741,751,713,737,778
Puente Genil,Cordoba,n.d.,n.d.,n.d.,n.d.,n.d.,n.d.,n.d.,n.d.,n.d.,n.d.,n.d.,1.044,1.002,953,951,974,826,804,771,759,767,767,821,813,755,701,746,729,739,676,673,680,746,764,759,719,705,745,719,668,658,636,671,737
Almuñécar,Granada,2.341,2.317,2.264,2.259,2.181,2.190,2.087,2.029,2.061,2.075,2.098,2.083,2.094,2.079,2.036,1.974,1.947,1.908,1.855,1.830,1.719,1.667,1.603,1.625,1.661,1.669,1.646,1.633,1.626,1.663,1.636,1.631,1.642,1.599,1.579,1.581,1.545,1.544,1.560,1.546,1.541,1.599,1.607,1.645
Armilla,Granada,n.d.,n.d.,n.d.,1.623,1.607,1.610,1.630,1.565,1.504,1.505,1.492,1.466,1.374,1.387,1.360,1.298,1.329,1.300,1.310,1.327,1.399,1.279,1.220,1.180,1.120,1.120,1.085,1.111,1.124,1.086,1.124,1.133,1.102,1.106,1.074,1.095,1.216,1.151,1.136,1.102,1.104,1.113,1.160,1.147
Atarfe,Granada,n.d.,n.d.,n.d.,n.d.,n.d.,n.d.,n.d.,n.d.,n.d.,n.d.,n.d.,1.229,1.180,1.208,1.166,1.183,1.119,1.077,1.061,1.016,1.023,949,894,860,855,847,822,857,849,862,848,876,842,845,786,810,800,831,801,784,803,770,839,851
Cenes De La Vega,Granada,n.d.,n.d.,n.d.,n.d.,n.d.,n.d.,n.d.,n.d.,n.d.,n.d.,n.d.,1.433,1.407,1.382,1.363,1.256,1.262,1.214,1.197,1.198,1.177,1.177,1.043,1.038,1.014,954,950,941,931,937,909,984,892,875,892,868,871,880,914,843,899,903,922,889
Churriana De La Vega,Granada,n.d.,n.d.,n.d.,1.482,1.511,1.474,1.477,1.489,1.530,1.465,1.446,1.443,1.354,1.350,1.296,1.234,1.236,1.193,1.136,1.131,1.127,1.082,1.072,1.047,963,969,966,960,982,953,963,985,948,967,940,956,938,970,1.003,953,963,982,1.008,1.018
Gabias (Las),Granada,1.615,1.634,1.617,1.506,1.511,1.442,1.466,1.427,1.375,1.307,1.313,1.297,1.296,1.176,1.202,1.179,1.135,1.146,1.176,1.130,1.133,1.033,1.064,1.014,1.019,992,943,920,948,947,951,966,942,900,862,878,897,933,946,892,884,892,892,882
Granada,Granada,2.542,2.527,2.456,2.369,2.306,2.294,2.278,2.252,2.208,2.193,2.164,2.127,2.131,2.132,2.092,2.046,1.972,1.931,1.863,1.843,1.733,1.725,1.579,1.573,1.532,1.496,1.500,1.466,1.462,1.472,1.447,1.450,1.457,1.435,1.431,1.457,1.442,1.474,1.490,1.453,1.535,1.541,1.621,1.648
Maracena,Granada,n.d.,n.d.,n.d.,n.d.,n.d.,n.d.,n.d.,n.d.,n.d.,n.d.,n.d.,1.427,1.401,1.429,1.350,1.306,1.260,1.230,1.198,1.175,1.195,1.134,1.041,1.020,941,936,938,927,943,944,992,981,981,992,985,996,988,1.039,975,938,972,915,927,897
Monachil,Granada,n.d.,n.d.,n.d.,n.d.,n.d.,n.d.,n.d.,n.d.,n.d.,n.d.,n.d.,1.728,1.691,1.697,1.691,1.581,1.560,1.537,1.478,1.512,1.551,1.568,1.514,1.363,1.410,1.371,1.285,1.175,1.140,1.236,1.104,1.179,1.150,1.104,1.056,1.110,1.183,1.209,1.180,1.168,1.226,1.201,1.168,1.162
Motril,Granada,2.248,2.210,2.135,2.081,1.981,1.964,1.936,1.892,1.834,1.839,1.785,1.760,1.757,1.756,1.767,1.700,1.683,1.632,1.643,1.610,1.542,1.528,1.281,1.280,1.199,1.170,1.157,1.157,1.149,1.152,1.177,1.136,1.105,1.059,1.055,1.045,1.029,1.020,1.048,987,978,946,953,1.121
Salobreña,Granada,n.d.,n.d.,n.d.,n.d.,n.d.,n.d.,n.d.,n.d.,n.d.,n.d.,n.d.,1.707,1.779,1.778,1.772,1.718,1.737,1.683,1.647,1.646,1.611,1.550,1.336,1.479,1.414,1.220,1.216,1.400,1.383,1.208,1.380,1.364,1.372,1.375,1.369,1.362,1.407,1.429,1.374,1.369,1.378,1.380,1.423,1.408
Santa Fé,Granada,n.d.,n.d.,n.d.,n.d.,n.d.,n.d.,n.d.,n.d.,n.d.,n.d.,n.d.,1.126,1.086,1.071,1.013,1.041,946,932,962,949,921,930,933,880,898,824,826,794,818,735,687,737,752,751,755,752,729,779,782,744,763,730,733,748
Sierra Nevada,Granada,n.d.,n.d.,n.d.,3.443,3.479,3.405,3.278,3.306,3.210,3.135,3.034,2.964,2.864,2.820,2.794,2.674,2.602,2.599,2.555,2.493,2.378,2.314,2.187,2.213,2.129,2.053,2.054,2.013,1.998,2.008,2.018,2.055,2.027,2.036,2.028,1.989,1.972,2.014,2.013,2.002,2.050,1.983,2.036,2.037
Torrenueva,Granada,n.d.,n.d.,n.d.,n.d.,n.d.,n.d.,n.d.,n.d.,n.d.,n.d.,n.d.,1.762,1.710,1.710,1.679,1.657,1.636,1.633,1.596,1.612,1.559,1.514,1.141,1.118,1.064,1.043,915,933,931,911,934,932,883,999,993,992,987,853,869,941,932,875,902,583
Zubia (La),Granada,n.d.,n.d.,n.d.,n.d.,n.d.,n.d.,1.663,1.661,1.588,1.542,1.505,1.480,1.431,1.471,1.455,1.359,1.299,1.333,1.343,1.307,1.254,1.239,1.179,1.107,1.089,1.069,1.113,1.080,1.036,1.100,1.045,1.068,1.036,996,969,972,976,1.006,1.008,978,1.007,972,980,1.016
La Antilla,Huelva,n.d.,n.d.,n.d.,n.d.,n.d.,n.d.,n.d.,n.d.,n.d.,n.d.,n.d.,2.358,2.319,2.305,2.266,2.197,2.088,2.009,1.909,1.838,1.822,1.795,1.795,1.818,1.741,1.731,1.707,1.665,1.625,1.601,1.608,1.577,1.538,1.524,1.580,1.576,1.565,1.630,1.694,1.645,1.663,1.666,1.720,1.671
Ayamonte,Huelva,2.284,2.191,2.241,2.248,2.178,2.106,2.104,2.052,2.074,1.954,1.905,1.936,1.911,1.879,1.832,1.743,1.705,1.587,1.598,1.622,1.489,1.340,1.250,1.242,1.208,1.198,1.161,1.181,1.197,1.221,1.344,1.257,1.255,1.244,1.229,1.289,1.258,1.290,1.309,1.291,1.280,1.290,1.330,1.343
Huelva,Huelva,1.920,1.888,1.827,1.789,1.772,1.768,1.763,1.690,1.680,1.679,1.696,1.624,1.622,1.622,1.616,1.565,1.517,1.482,1.441,1.396,1.393,1.356,1.298,1.273,1.215,1.146,1.152,1.130,1.096,1.098,1.096,1.070,1.060,1.031,1.035,1.021,1.026,1.032,1.064,1.028,1.028,1.033,1.057,1.056
Isla Cristina,Huelva,2.200,2.236,2.264,2.213,2.139,2.074,2.064,2.022,1.991,1.994,1.977,1.988,1.926,1.907,1.903,1.840,1.800,1.727,1.702,1.658,1.609,1.590,1.444,1.484,1.438,1.395,1.384,1.359,1.366,1.360,1.334,1.305,1.328,1.329,1.337,1.311,1.301,1.302,1.300,1.270,1.284,1.243,1.242,1.269
Islantilla,Huelva,n.d.,n.d.,n.d.,2.391,2.301,2.298,2.332,2.291,2.313,2.344,2.295,2.252,2.155,2.163,2.110,2.060,2.079,2.032,1.975,1.936,1.861,1.803,1.686,1.737,1.692,1.673,1.690,1.695,1.727,1.758,1.752,1.716,1.696,1.722,1.699,1.666,1.677,1.622,1.684,1.700,1.749,1.748,1.747,1.737
Lepe,Huelva,n.d.,n.d.,n.d.,n.d.,n.d.,n.d.,1.714,1.297,1.648,1.571,1.545,1.538,1.561,1.548,1.549,1.521,1.407,1.411,1.460,1.393,1.330,1.279,1.300,1.207,1.170,1.121,1.130,1.100,1.041,1.016,1.030,1.026,1.021,973,1.006,1.032,1.020,1.025,1.018,957,951,954,949,948
Punta Umbría,Huelva,2.659,2.606,2.540,2.460,2.389,2.325,2.325,2.283,2.177,2.188,2.255,2.308,2.288,2.313,2.256,2.179,2.100,1.994,1.878,1.867,1.811,1.753,1.706,1.660,1.646,1.643,1.598,1.560,1.561,1.528,1.501,1.491,1.490,1.508,1.541,1.520,1.510,1.493,1.546,1.489,1.475,1.440,1.469,1.449
Jaén,Jaen,2.089,2.021,2.003,1.984,1.948,1.909,1.920,1.883,1.869,1.830,1.810,1.817,1.797,1.734,1.725,1.718,1.728,1.687,1.651,1.591,1.555,1.521,1.360,1.369,1.301,1.322,1.314,1.307,1.275,1.266,1.245,1.232,1.236,1.230,1.233,1.190,1.204,1.171,1.173,1.160,1.163,1.161,1.161,1.158
Linares,Jaen,n.d.,n.d.,n.d.,1.444,1.393,1.395,1.397,1.323,1.305,1.299,1.288,1.237,1.263,1.222,1.200,1.151,1.143,1.091,1.078,1.039,994,939,865,868,820,811,828,813,845,837,848,853,847,819,825,783,785,803,799,779,796,765,763,750
Úbeda,Jaen,n.d.,n.d.,n.d.,n.d.,n.d.,n.d.,n.d.,n.d.,n.d.,n.d.,1.490,1.453,1.494,1.444,1.380,1.325,1.302,1.264,1.230,1.246,1.262,1.156,1.008,1.047,969,971,981,970,1.007,994,998,979,967,970,953,951,908,913,909,897,926,943,942,933
Alhaurín De La Torre,Malaga,n.d.,n.d.,n.d.,2.008,2.076,2.036,2.026,1.983,1.903,1.880,1.856,1.909,1.920,1.909,1.917,1.804,1.750,1.716,1.723,1.662,1.616,1.634,1.585,1.579,1.566,1.524,1.532,1.515,1.499,1.535,1.535,1.543,1.529,1.531,1.517,1.519,1.510,1.516,1.563,1.570,1.634,1.615,1.611,1.582
Antequera,Malaga,n.d.,n.d.,n.d.,1.940,1.869,1.860,1.861,1.890,1.799,1.771,1.732,1.648,1.558,1.605,1.680,1.560,1.459,1.422,1.420,1.408,1.382,1.327,1.348,1.204,1.145,1.151,1.132,1.093,1.088,1.070,1.091,1.105,1.062,1.025,1.033,1.025,979,973,1.010,987,1.012,1.022,1.041,1.049
Benhavís,Malaga,n.d.,n.d.,n.d.,n.d.,n.d.,n.d.,n.d.,n.d.,n.d.,n.d.,n.d.,2.131,2.142,2.178,2.058,2.133,2.156,1.928,1.939,1.878,1.851,1.900,1.846,1.854,1.794,1.829,1.801,1.830,1.907,1.823,1.808,1.911,1.929,2.032,2.020,2.037,1.969,2.052,2.090,2.156,2.175,2.325,2.347,2.343
Benalmádena,Malaga,2.498,2.400,2.375,2.311,2.302,2.252,2.207,2.140,2.136,2.118,2.030,2.030,2.001,1.947,1.951,1.893,1.865,1.838,1.649,1.722,1.704,1.679,1.707,1.694,1.702,1.646,1.606,1.622,1.620,1.631,1.669,1.650,1.668,1.706,1.719,1.747,1.779,1.851,1.876,1.922,1.945,1.995,2.067,2.090
Cártama,Malaga,n.d.,n.d.,n.d.,n.d.,n.d.,n.d.,n.d.,n.d.,n.d.,n.d.,n.d.,1.576,1.534,1.486,1.461,1.569,1.498,1.410,1.406,1.364,1.351,1.310,1.276,1.239,1.227,1.210,1.216,1.165,1.191,1.164,1.147,1.145,1.169,1.156,1.140,1.167,1.150,1.180,1.199,1.190,1.296,1.351,1.340,1.399
Casares,Malaga,n.d.,n.d.,n.d.,n.d.,n.d.,n.d.,1.749,1.688,1.636,1.606,1.544,1.495,1.517,1.512,1.416,1.427,1.442,1.389,1.304,1.195,1.180,1.181,1.216,1.186,1.281,1.250,1.215,1.180,1.188,1.270,1.302,1.327,1.379,1.434,1.381,1.434,1.416,1.500,1.546,1.606,1.543,1.550,1.653,1.774
Estepona,Malaga,1.893,2.016,2.125,2.071,1.985,2.021,2.130,1.971,1.862,1.857,1.810,1.839,1.782,1.753,1.731,1.706,1.687,1.621,1.607,1.574,1.486,1.485,1.489,1.450,1.473,1.462,1.458,1.438,1.454,1.493,1.513,1.563,1.556,1.648,1.686,1.683,1.714,1.802,1.901,1.898,1.943,2.026,2.049,2.066
Fuengirola,Malaga,2.401,2.363,2.301,2.305,2.287,2.222,2.224,2.125,2.094,2.074,2.032,1.963,1.975,2.003,1.950,1.908,1.873,1.867,1.859,1.793,1.710,1.726,1.684,1.668,1.672,1.645,1.597,1.625,1.675,1.634,1.686,1.683,1.700,1.716,1.744,1.763,1.841,1.887,1.910,1.973,2.043,2.145,2.208,2.267
Málaga,Malaga,2.465,2.379,2.304,2.255,2.205,2.217,2.194,2.133,2.111,2.094,2.040,2.032,2.010,2.010,2.021,1.969,1.912,1.865,1.836,1.813,1.762,1.749,1.697,1.642,1.652,1.581,1.567,1.559,1.594,1.623,1.656,1.639,1.630,1.657,1.662,1.657,1.686,1.757,1.849,1.934,2.030,2.149,2.207,2.229
Manilva,Malaga,2.231,2.195,2.126,2.012,1.911,1.854,1.884,1.790,1.733,1.677,1.782,1.630,1.584,1.541,1.445,1.411,1.375,1.337,1.319,1.340,1.236,1.203,1.215,1.207,1.215,1.180,1.165,1.105,1.144,1.176,1.262,1.329,1.324,1.280,1.265,1.350,1.371,1.392,1.395,1.434,1.443,1.480,1.514,1.504
Marbella,Malaga,2.733,2.699,2.508,2.480,2.405,2.416,2.398,2.359,2.371,2.379,2.388,2.374,2.304,2.318,2.288,2.244,2.204,2.195,2.162,2.164,2.128,2.109,2.187,2.225,2.303,2.308,2.317,2.307,2.313,2.320,2.406,2.382,2.425,2.454,2.488,2.374,2.453,2.555,2.613,2.667,2.715,2.766,2.803,2.840
Mijas,Malaga,2.241,2.148,2.047,2.005,1.956,1.893,1.896,1.872,1.863,1.792,1.775,1.777,1.753,1.729,1.714,1.636,1.601,1.552,1.533,1.493,1.450,1.427,1.435,1.405,1.399,1.354,1.346,1.334,1.391,1.437,1.444,1.428,1.417,1.426,1.460,1.491,1.518,1.517,1.582,1.593,1.638,1.719,1.783,1.817
Nerja,Malaga,2.611,2.519,2.481,2.569,2.555,2.518,2.446,2.371,2.169,2.145,2.142,2.231,2.197,2.290,2.395,2.509,2.440,2.379,2.295,2.329,2.312,2.251,2.148,2.180,2.122,2.115,2.026,2.030,2.026,2.105,2.101,2.091,2.130,2.160,2.207,2.223,2.265,2.280,2.330,2.235,2.302,2.322,2.397,2.558
Ojén,Malaga,n.d.,n.d.,n.d.,n.d.,n.d.,n.d.,n.d.,n.d.,n.d.,n.d.,n.d.,1.830,1.787,1.719,1.691,1.645,1.680,1.551,1.599,1.620,1.540,1.397,1.365,1.318,1.306,1.302,1.324,1.260,1.266,1.331,1.325,1.448,1.271,1.359,1.356,1.476,1.434,1.474,1.508,1.462,1.494,1.593,1.739,1.730
Rincón De La Victoria,Malaga,2.291,2.260,2.212,2.150,2.113,2.040,2.035,2.026,2.014,1.968,2.007,1.981,1.952,1.943,1.906,1.828,1.775,1.781,1.754,1.693,1.619,1.526,1.577,1.540,1.532,1.494,1.496,1.457,1.449,1.462,1.458,1.453,1.465,1.443,1.472,1.547,1.526,1.549,1.603,1.653,1.747,1.812,1.809,1.876
Ronda,Malaga,1.704,1.669,1.655,1.643,1.632,1.587,1.549,1.544,1.502,1.471,1.470,1.508,1.479,1.456,1.429,1.388,1.349,1.304,1.290,1.266,1.239,1.204,1.135,1.130,1.048,998,969,972,970,974,949,963,957,956,947,974,957,949,948,944,948,956,977,978
San Luis De Sabinillas,Malaga,n.d.,n.d.,n.d.,1.783,1.673,1.665,1.657,1.602,1.536,1.523,1.458,1.534,1.518,1.502,1.417,1.390,1.321,1.283,1.286,1.313,1.265,1.274,1.276,1.241,1.306,1.264,1.274,1.231,1.252,1.255,1.262,1.277,1.299,1.303,1.325,n.d.,n.d.,n.d.,n.d.,n.d.,n.d.,n.d.,n.d.,n.d.
Torre Del Mar,Malaga,2.145,2.172,2.189,2.132,2.072,1.989,1.885,1.875,1.920,1.896,1.857,1.851,1.874,1.853,1.856,1.798,1.773,1.694,1.647,1.582,1.528,1.534,1.550,1.535,1.511,1.478,1.475,1.404,1.434,1.415,1.447,1.427,1.429,1.457,1.503,1.483,1.522,1.553,1.601,1.651,1.684,1.839,1.827,1.821
Torremolinos,Malaga,2.578,2.501,2.396,2.354,2.339,2.280,2.257,2.240,2.197,2.201,2.188,2.214,2.159,2.122,2.073,2.010,1.922,1.866,1.844,1.822,1.755,1.765,1.733,1.640,1.627,1.605,1.557,1.528,1.560,1.533,1.568,1.635,1.658,1.649,1.670,1.690,1.721,1.785,1.797,1.856,1.889,1.972,2.015,2.025
Torrox-Costa,Malaga,2.552,2.446,2.308,2.204,2.135,2.152,2.207,2.227,2.235,2.210,2.136,2.122,2.127,2.103,2.068,1.988,2.006,1.916,1.850,1.813,1.801,1.786,1.773,1.799,1.747,1.736,1.732,1.722,n.d.,n.d.,n.d.,n.d.,n.d.,n.d.,n.d.,n.d.,n.d.,n.d.,n.d.,n.d.,n.d.,n.d.,n.d.,n.d.
Vélez-Málaga,Malaga,1.817,1.792,1.721,1.652,1.619,1.543,1.513,1.523,1.471,1.453,1.461,1.443,1.379,1.386,1.403,1.360,1.309,1.261,1.258,1.195,1.214,1.193,1.212,1.129,1.143,1.061,1.055,1.080,1.042,1.047,1.015,1.025,1.057,1.041,1.052,1.051,1.010,1.092,1.116,1.088,1.100,1.126,1.151,1.185
Alcalá De Guadaira,Sevilla,1.855,1.880,1.788,1.790,1.774,1.700,1.667,1.636,1.602,1.555,1.536,1.544,1.466,1.470,1.450,1.408,1.346,1.273,1.260,1.247,1.232,1.169,1.216,1.213,1.016,988,979,1.003,963,971,977,962,943,907,933,934,932,930,949,960,970,949,967,998
Camas,Sevilla,2.023,1.968,1.950,1.920,1.865,1.821,1.801,1.776,1.741,1.679,1.666,1.669,1.644,1.618,1.579,1.551,1.566,1.489,1.466,1.449,1.226,1.291,1.196,1.285,1.223,1.162,1.110,1.113,1.133,1.104,1.100,1.118,1.105,1.108,1.089,1.076,1.033,1.023,1.045,1.003,1.025,1.022,1.008,1.031
Coria,Sevilla,n.d.,n.d.,n.d.,n.d.,n.d.,n.d.,n.d.,n.d.,n.d.,n.d.,n.d.,1.389,1.342,1.334,1.358,1.328,1.250,1.151,1.182,1.146,1.120,1.103,1.115,1.162,1.082,1.025,1.035,1.038,993,976,947,958,994,980,972,975,944,957,973,951,960,972,964,993
Dos Hermanas,Sevilla,1.944,1.936,1.920,1.924,1.854,1.827,1.758,1.709,1.661,1.621,1.640,1.613,1.563,1.561,1.564,1.507,1.470,1.459,1.439,1.369,1.340,1.278,1.260,1.243,1.171,1.113,1.099,1.086,1.075,1.090,1.071,1.048,1.028,1.025,1.017,1.037,1.045,1.054,1.059,1.024,1.019,1.024,1.029,1.050
Mairena Del Aljarafe,Sevilla,2.168,2.079,2.086,2.098,2.029,1.951,1.935,1.915,1.894,1.843,1.898,1.854,1.872,1.808,1.814,1.749,1.673,1.624,1.573,1.512,1.448,1.403,1.314,1.445,1.342,1.242,1.203,1.174,1.198,1.196,1.231,1.222,1.250,1.190,1.227,1.264,1.254,1.266,1.316,1.341,1.384,1.430,1.482,1.470
Montequinto,Sevilla,n.d.,n.d.,n.d.,n.d.,1.969,1.926,1.875,1.891,1.844,1.793,1.776,1.808,1.766,1.712,1.721,1.681,1.592,1.597,1.612,1.460,1.359,1.344,1.408,1.352,1.375,1.324,1.285,1.266,1.273,1.267,1.345,1.379,1.358,1.364,1.388,1.348,1.357,1.375,1.398,1.450,1.464,1.574,1.544,1.524
San Juan De Aznalfarache,Sevilla,1.876,1.797,1.703,1.719,1.714,1.682,1.682,1.650,1.606,1.587,1.511,1.471,1.474,1.425,1.476,1.412,1.386,1.296,1.286,1.267,1.135,1.116,1.024,1.116,992,931,917,921,897,959,966,971,953,877,904,903,855,829,858,800,831,838,842,878
Sevilla,Sevilla,3.122,3.088,2.987,2.867,2.811,2.806,2.815,2.745,2.712,2.630,2.667,2.628,2.658,2.628,2.575,2.472,2.399,2.306,2.229,2.152,2.057,2.000,1.905,1.889,1.850,1.789,1.769,1.780,1.793,1.773,1.760,1.770,1.793,1.800,1.799,1.824,1.832,1.840,1.835,1.812,1.851,1.928,1.962,2.009
Tomares,Sevilla,2.336,2.233,2.142,2.132,2.076,2.076,2.035,2.054,2.005,1.998,1.975,1.966,1.919,1.890,1.866,1.825,1.752,1.695,1.643,1.633,1.577,1.474,1.510,1.476,1.460,1.427,1.411,1.381,1.337,1.340,1.283,1.342,1.308,1.360,1.375,1.370,1.410,1.391,1.417,1.424,1.487,1.484,1.518,1.498
Utrera,Sevilla,n.d.,n.d.,n.d.,n.d.,n.d.,n.d.,n.d.,n.d.,n.d.,n.d.,n.d.,1.365,1.314,1.288,1.296,1.292,1.282,1.172,1.186,1.185,1.123,1.104,1.042,1.158,1.113,1.088,1.073,1.081,1.060,1.083,975,876,884,876,898,913,902,928,906,918,931,924,924,939
Arganzuela,Madrid,3.855,3.721,3.624,3.551,3.436,3.408,3.393,3.357,3.345,3.317,3.350,3.276,3.250,3.161,3.123,3.063,3.023,2.898,2.790,2.690,2.680,2.584,2.685,2.797,2.828,2.685,2.638,2.653,2.671,2.714,2.787,2.746,2.835,2.918,2.925,3.013,3.137,3.204,3.293,3.529,3.709,3.950,3.950,3.919
Barajas,Madrid,3.637,3.602,3.518,3.398,3.276,3.254,3.305,3.273,3.291,3.187,3.241,3.212,3.179,3.140,3.035,3.024,3.023,2.928,2.869,2.777,2.775,2.625,2.727,2.764,2.828,2.716,2.611,2.583,2.605,2.638,2.603,2.602,2.585,2.571,2.604,2.672,2.642,2.700,2.867,2.993,3.065,3.225,3.225,3.242
Carabanchel,Madrid,3.067,2.966,2.844,2.791,2.680,2.622,2.624,2.590,2.557,2.481,2.440,2.385,2.330,2.248,2.221,2.127,2.068,1.981,1.875,1.821,1.799,1.740,1.797,1.857,1.798,1.698,1.640,1.602,1.651,1.637,1.672,1.622,1.631,1.623,1.654,1.702,1.714,1.759,1.824,1.874,1.957,2.059,2.054,2.101
Centro,Madrid,4.387,4.303,4.137,4.092,3.988,3.896,3.897,3.891,3.825,3.740,3.759,3.786,3.728,3.596,3.603,3.575,3.484,3.390,3.312,3.202,3.155,3.081,3.434,3.354,3.412,3.337,3.276,3.285,3.346,3.424,3.538,3.568,3.599,3.638,3.718,3.779,3.972,4.307,4.456,4.599,4.832,4.987,4.915,4.975
Chamartín,Madrid,4.970,4.939,5.029,4.979,4.822,4.760,4.790,4.784,4.744,4.788,4.694,4.557,4.498,4.493,4.423,4.314,4.216,4.128,4.028,3.965,3.873,3.820,3.758,3.747,3.735,3.674,3.652,3.717,3.730,3.740,3.766,3.790,3.892,3.915,3.989,4.072,4.207,4.338,4.384,4.564,4.905,5.007,5.143,5.016
Chamberí,Madrid,4.985,4.886,4.790,4.693,4.668,4.681,4.737,4.686,4.713,4.686,4.604,4.479,4.445,4.356,4.309,4.227,4.189,4.055,3.930,3.772,3.660,3.625,3.682,3.567,3.683,3.644,3.629,3.630,3.689,3.765,3.781,3.760,3.946,3.960,4.017,4.060,4.291,4.508,4.642,4.811,5.000,5.202,5.243,5.200
Ciudad Lineal,Madrid,3.764,3.702,3.679,3.567,3.540,3.480,3.512,3.436,3.363,3.336,3.311,3.249,3.210,3.144,3.166,3.078,3.009,2.928,2.820,2.729,2.660,2.593,2.525,2.631,2.666,2.582,2.514,2.464,2.513,2.478,2.486,2.455,2.489,2.480,2.487,2.523,2.558,2.616,2.692,2.724,2.824,2.983,3.057,3.070
Fuencarral,Madrid,3.839,3.720,3.666,3.612,3.590,3.557,3.515,3.496,3.453,3.426,3.438,3.456,3.401,3.317,3.265,3.211,3.121,3.016,2.948,2.835,2.788,2.717,2.885,2.805,2.821,2.678,2.656,2.656,2.680,2.719,2.714,2.734,2.758,2.740,2.768,2.824,2.934,2.996,3.067,3.174,3.184,3.318,3.386,3.463
Hortaleza,Madrid,3.950,3.853,3.868,3.889,3.836,3.823,3.782,3.787,3.729,3.712,3.705,3.573,3.478,3.385,3.378,3.346,3.222,3.116,3.034,2.951,2.957,2.965,3.021,3.017,2.956,2.782,2.779,2.765,2.740,2.791,2.823,2.818,2.848,2.852,2.799,2.856,2.861,3.066,3.051,3.203,3.416,3.403,3.600,3.541
Latina,Madrid,3.071,2.971,2.857,2.777,2.659,2.615,2.577,2.517,2.488,2.458,2.453,2.404,2.317,2.251,2.223,2.134,2.050,2.004,1.909,1.821,1.803,1.764,1.926,1.879,1.857,1.723,1.677,1.590,1.628,1.642,1.694,1.653,1.698,1.745,1.761,1.784,1.806,1.845,1.879,1.977,2.096,2.146,2.241,2.320
Moncloa,Madrid,4.396,4.314,4.238,4.135,4.144,4.087,4.076,4.063,4.014,3.987,3.932,3.893,3.841,3.811,3.763,3.679,3.602,3.498,3.440,3.295,3.218,3.147,3.324,3.334,3.312,3.257,3.204,3.157,3.206,3.232,3.219,3.247,3.291,3.349,3.310,3.401,3.519,3.637,3.877,3.915,4.101,4.133,4.143,4.221
Moratalaz,Madrid,3.225,3.142,3.019,2.892,2.835,2.757,2.717,2.691,2.637,2.617,2.608,2.574,2.488,2.451,2.388,2.297,2.248,2.178,2.098,2.013,1.943,1.940,1.999,2.038,2.079,1.968,1.929,1.952,1.968,1.912,2.004,1.927,1.973,1.973,2.019,2.039,2.054,2.154,2.197,2.269,2.348,2.484,2.545,2.568
Puente De Vallecas,Madrid,2.991,2.841,2.737,2.611,2.493,2.442,2.390,2.355,2.293,2.237,2.216,2.155,2.100,2.008,1.960,1.812,1.758,1.712,1.622,1.570,1.538,1.493,1.627,1.618,1.608,1.487,1.456,1.396,1.422,1.365,1.399,1.366,1.378,1.374,1.400,1.394,1.409,1.483,1.518,1.583,1.695,1.733,1.801,1.821
Retiro,Madrid,4.427,4.372,4.313,4.212,4.192,4.161,4.187,4.142,4.189,4.235,4.321,4.127,4.169,4.120,4.097,3.957,3.770,3.661,3.611,3.460,3.405,3.401,3.539,3.322,3.374,3.389,3.365,3.274,3.420,3.539,3.458,3.510,3.489,3.648,3.689,3.734,3.931,4.080,4.138,4.353,4.764,4.876,4.834,4.791
Salamanca,Madrid,5.054,5.041,5.167,5.202,5.055,5.023,4.918,4.867,4.866,4.818,4.789,4.737,4.564,4.563,4.616,4.504,4.388,4.267,4.297,4.173,4.040,4.005,4.148,4.116,4.247,4.130,4.134,4.138,4.219,4.292,4.385,4.370,4.415,4.531,4.613,4.590,4.782,5.001,5.252,5.479,5.675,5.930,5.987,6.043
San Blas,Madrid,3.337,3.205,3.142,3.098,2.988,2.932,2.928,2.886,2.847,2.764,2.768,2.746,2.683,2.624,2.609,2.530,2.478,2.372,2.294,2.176,2.112,2.089,2.259,2.206,2.152,2.032,2.015,1.983,2.039,2.084,2.032,2.000,2.010,2.095,2.128,2.138,2.175,2.244,2.365,2.489,2.523,2.606,2.587,2.595
Tetuán,Madrid,3.901,3.807,3.740,3.657,3.559,3.525,3.479,3.454,3.447,3.420,3.423,3.369,3.291,3.254,3.201,3.104,2.996,2.920,2.819,2.724,n.d.,n.d.,2.730,2.643,2.701,2.602,2.567,2.545,2.579,2.619,2.661,2.634,2.656,2.714,2.753,2.811,2.889,3.022,3.073,3.151,3.411,3.558,3.649,3.601
Usera,Madrid,2.960,2.858,2.786,2.659,2.585,2.510,2.469,2.399,2.363,2.299,2.275,2.245,2.167,2.122,2.020,1.942,1.877,1.807,1.739,1.689,1.656,1.590,1.745,1.678,1.647,1.500,1.475,1.470,1.531,1.486,1.538,1.494,1.501,1.488,1.483,1.503,1.509,1.595,1.658,1.710,1.758,1.893,1.948,2.008
Vicálvaro,Madrid,3.120,2.966,2.820,2.769,2.692,2.587,2.552,2.571,2.613,2.533,2.496,2.464,2.379,2.334,2.317,2.238,2.167,2.041,1.864,1.794,1.802,1.681,1.711,1.825,1.836,1.691,1.693,1.692,1.753,1.761,1.774,1.667,1.707,1.741,1.718,1.760,1.776,1.798,1.834,1.938,2.071,2.219,2.278,2.227
Villa De Vallecas,Madrid,3.063,2.926,2.830,2.780,2.684,2.646,2.617,2.579,2.555,2.463,2.502,2.480,2.472,2.430,2.395,2.336,2.267,2.183,2.163,2.083,2.078,2.012,2.286,2.168,2.183,2.010,1.988,1.914,1.945,1.936,1.978,1.903,1.925,1.902,1.973,1.974,1.970,2.028,2.121,2.147,2.255,2.294,2.341,2.338
Villaverde,Madrid,2.768,2.611,2.503,2.433,2.344,2.312,2.289,2.270,2.203,2.143,2.113,2.042,1.942,1.909,1.863,1.753,1.667,1.593,1.520,1.492,1.441,1.391,1.475,1.408,1.299,1.235,1.218,1.239,1.298,1.310,1.289,1.245,1.308,1.285,1.348,1.382,1.397,1.406,1.446,1.440,1.523,1.578,1.615,1.644
Madrid,Madrid,3.982,3.899,3.840,3.782,3.719,3.697,3.652,3.624,3.598,3.582,3.534,3.460,3.393,3.343,3.322,3.252,3.195,3.107,3.079,3.000,2.946,2.923,2.836,2.824,2.775,2.721,2.702,2.694,2.771,2.810,2.834,2.820,2.832,2.866,2.902,2.921,2.919,3.047,3.160,3.285,3.540,3.759,3.834,3.846
