"SECCIO_CENSAL","HOMES","DONES","EDAT_0_A_14","EDAT_15_A_24","EDAT_25_A_64","EDAT_65_A_MES","NACIONALS","COMUNITARIS","ESTRANGERS"
01001,750,595,145,138,855,207,702,182,461
01002,827,706,163,179,963,228,649,216,668
01003,1920,1673,764,392,2047,390,1876,291,1426
01004,1596,1293,348,315,1928,298,1569,332,988
01005,1365,1125,297,235,1626,332,1223,358,909
01006,919,713,141,193,1112,186,695,260,677
01007,1200,791,269,185,1398,139,923,227,841
01008,2024,1314,427,405,2126,380,1394,298,1646
01009,1282,1006,296,248,1477,267,1072,196,1020
01010,1378,1075,341,296,1613,203,1014,238,1201
01011,1833,1389,451,362,2150,259,1316,322,1584
01012,980,958,247,178,1269,244,1035,208,695
01013,710,740,174,128,907,241,857,114,479
01014,1153,936,214,209,1428,238,1069,158,862
01015,1253,1155,305,232,1610,261,1108,233,1067
01016,1170,1086,286,218,1528,224,994,224,1038
01017,1268,1329,345,270,1733,249,1190,260,1147
01018,827,781,183,173,1036,216,853,164,591
01019,1615,1389,331,319,2042,312,1286,411,1307
01020,1022,1130,146,197,1460,349,1251,457,444
01021,1070,1050,162,191,1455,312,1178,368,574
01022,630,671,114,107,869,211,768,293,240
01023,1056,1088,175,180,1489,300,1220,421,503
01025,670,638,75,129,942,162,625,347,336
01026,3883,1468,374,562,4074,341,1437,547,3367
01027,806,851,114,164,1141,238,861,413,383
01028,941,993,161,194,1349,230,921,508,505
01029,713,746,95,158,1049,157,597,428,434
01030,1267,1241,198,270,1648,392,1289,527,692
01031,865,735,139,148,1135,178,723,373,504
01032,951,903,106,134,1294,320,1067,416,371
01033,626,551,89,102,816,170,655,216,306
01034,457,500,57,83,655,162,551,217,189
01035,689,641,78,121,917,214,745,274,311
01036,559,655,108,130,736,240,908,122,184
01037,684,753,146,140,863,288,1037,198,202
01038,842,669,93,127,1103,188,744,357,410
01039,666,659,102,133,864,226,846,227,252
01040,541,565,93,83,739,191,619,243,244
01041,792,747,111,149,1118,161,750,396,393
01042,836,973,169,150,1004,486,1377,214,218
01043,849,829,170,124,1171,213,1005,382,291
01044,684,775,150,117,1004,188,866,335,258
01045,984,1003,115,145,1476,251,1004,559,424
01046,948,903,135,146,1343,227,900,500,451
01047,857,888,134,138,1213,260,956,363,426
01048,1031,1081,216,196,1424,276,1180,407,525
01049,761,847,220,157,1013,218,849,335,424
01050,798,790,156,140,1086,206,854,327,407
01051,922,905,175,154,1337,161,888,403,536
01052,1620,1236,251,664,1605,336,1417,535,904
01053,878,970,145,144,1200,359,1168,332,348
01054,678,649,107,113,921,186,719,304,304
01055,669,706,162,103,775,335,996,200,179
02001,633,679,186,102,797,227,938,116,258
02002,1500,1355,316,232,1799,508,1614,235,1006
02003,550,712,110,169,656,327,997,94,171
02004,736,767,177,145,876,305,1034,182,287
02005,930,1120,236,172,1128,514,1693,124,233
02006,817,881,228,140,942,388,1290,182,226
02007,576,741,121,111,742,343,1020,138,159
02008,895,1055,231,194,1110,415,1497,227,226
02009,842,955,224,149,1062,362,1400,152,245
02010,556,650,138,107,697,264,966,123,117
02011,551,557,93,119,624,272,951,76,81
02012,739,798,173,132,901,331,1170,131,236
02013,568,593,137,104,728,192,858,132,171
02014,679,700,171,109,894,205,974,193,212
02015,757,815,161,136,952,323,1155,155,262
02016,850,1038,195,143,1130,420,1521,153,214
02017,925,1082,239,210,1166,392,1516,212,279
02018,881,982,217,168,976,502,1517,135,211
02019,915,1028,228,155,1138,422,1498,154,291
02020,692,786,146,140,932,260,1041,184,253
02021,692,827,142,112,908,357,1181,129,209
02022,622,669,145,120,761,265,1013,63,215
02023,502,599,89,85,661,266,928,55,118
02024,509,632,103,105,710,223,811,80,250
02025,560,612,115,103,683,271,922,88,162
02026,994,1182,225,213,1277,461,1687,143,346
02027,908,1100,207,157,1169,475,1623,120,265
02028,977,1136,218,204,1250,441,1630,127,356
02029,601,709,156,86,781,287,1042,104,164
02030,631,713,178,106,819,241,992,97,255
02031,491,585,134,87,571,284,914,52,110
02032,519,690,114,80,641,374,1014,79,116
02033,539,655,126,104,699,265,964,93,137
02034,555,695,116,99,756,279,881,86,283
02035,609,731,112,118,755,355,1033,103,204
02036,549,678,127,107,729,264,1002,97,128
02037,581,645,118,118,724,266,1051,76,99
02038,753,829,132,199,966,285,1338,86,158
02039,768,974,178,157,1038,369,1361,123,258
02040,783,873,168,128,1042,318,1173,149,334
02041,757,923,152,122,952,454,1355,112,213
02042,740,878,149,127,863,479,1448,57,113
02043,664,772,168,129,847,292,1225,65,146
02044,549,692,129,105,679,328,966,73,202
02045,538,629,125,99,636,307,932,78,157
02046,886,1037,223,174,1147,379,1497,131,295
02047,906,1050,203,195,1095,463,1511,116,329
02048,572,726,143,137,766,252,946,96,256
02049,974,1160,180,184,1288,482,1462,206,466
02050,729,885,147,126,1015,326,1205,156,253
02051,890,989,171,145,1179,384,1294,211,374
02052,844,987,188,152,1134,357,1329,185,317
02053,823,983,185,143,1111,367,1391,157,258
02054,853,1009,232,136,1048,446,1467,149,246
02055,866,981,179,172,1082,414,1469,136,242
02056,648,828,168,134,876,298,1148,161,167
02057,599,713,191,104,696,321,1077,130,105
02058,639,752,158,102,785,346,1166,108,117
02059,734,950,202,135,972,375,1338,155,191
02060,789,971,234,147,991,388,1364,146,250
02061,618,751,140,112,861,256,1010,155,204
02062,731,813,198,127,914,305,1206,182,156
02063,497,743,132,123,594,391,994,127,119
02064,629,707,164,118,746,308,1050,151,135
02065,919,1010,232,172,1198,327,1434,248,247
02066,859,961,185,146,1026,463,1508,128,184
02067,794,905,193,132,1107,267,1207,241,251
02068,779,886,194,122,1011,338,1236,208,221
02069,657,732,184,120,783,302,1055,176,158
02070,593,696,137,139,748,265,1011,131,147
02071,821,894,216,168,992,339,1361,202,152
02072,602,629,142,136,699,254,1014,115,102
02073,788,908,209,164,1004,319,1253,291,152
02074,623,632,165,107,752,231,867,199,189
02075,624,675,146,131,775,247,915,218,166
02076,801,865,225,168,950,323,1242,191,233
02077,833,795,152,166,1005,305,1030,253,345
02078,631,765,145,144,786,321,961,193,242
02079,646,688,142,134,763,295,951,179,204
02080,732,768,155,142,851,352,1120,177,203
02081,962,1127,205,199,1181,504,1574,233,282
02082,414,479,83,80,498,232,705,90,98
02083,845,1011,220,211,1012,413,1368,222,266
02084,938,1174,253,188,1256,415,1615,226,271
02085,667,794,173,134,856,298,1119,177,165
02086,654,792,210,142,851,243,1147,144,155
02087,662,808,186,134,857,293,1174,137,159
02088,785,894,189,141,993,356,1296,190,193
02089,900,1010,204,166,1195,345,1429,208,273
02090,806,902,191,126,1058,333,1212,211,285
02091,955,967,172,192,1233,325,1318,252,352
02092,1362,1044,134,237,1695,340,1272,332,802
02093,778,868,150,147,999,350,1234,171,241
02094,715,798,123,105,923,362,1126,149,238
02095,735,795,136,134,938,322,1153,146,231
02096,681,749,106,118,883,323,1021,159,250
02097,530,578,117,88,694,209,797,112,199
02098,682,865,150,138,952,307,1133,165,249
02099,744,856,178,171,941,310,1208,143,249
02100,626,729,124,110,805,316,1128,69,158
02101,1054,1204,256,184,1289,529,1704,213,341
02102,608,764,163,130,732,347,1196,77,99
02103,767,881,165,118,1018,347,1251,140,257
02104,528,624,145,82,625,300,959,57,136
02105,957,1192,210,187,1303,449,1612,191,346
02106,666,775,193,117,806,325,1163,100,178
02107,745,902,201,142,867,437,1403,123,121
02108,718,910,211,107,867,443,1386,103,139
02109,945,1133,241,211,1074,552,1785,120,173
02110,911,1036,249,176,1158,364,1480,149,318
02111,863,1027,215,144,1139,392,1479,141,270
02112,621,723,148,114,680,402,1179,72,93
02113,1049,1209,314,172,1164,608,1897,109,252
02114,763,947,170,154,897,489,1416,94,200
02115,618,751,159,123,760,327,1082,98,189
02116,473,566,127,98,566,248,918,36,85
02117,534,659,127,76,633,357,1001,72,120
02118,677,820,163,140,901,293,1220,105,172
02119,592,674,138,93,696,339,1084,60,122
02120,579,615,105,115,674,300,1003,64,127
02121,581,672,144,100,713,296,1061,76,116
02122,489,593,103,99,600,280,908,67,107
02123,575,596,108,74,732,257,905,106,160
02124,491,593,107,88,581,308,959,39,86
02125,768,959,197,133,910,487,1461,80,186
02126,659,778,144,119,786,388,1259,59,119
02127,544,619,116,87,713,247,893,84,186
02128,588,726,125,101,787,301,1015,88,211
02129,711,849,119,128,922,391,1235,79,246
02130,560,612,132,95,598,347,1034,42,96
02131,548,645,112,106,678,297,915,88,190
02132,556,601,107,84,682,284,915,59,183
02133,392,467,74,60,396,329,750,31,78
02134,689,793,123,113,867,379,1199,87,196
02135,1018,1192,230,188,1388,404,1662,175,373
02136,418,510,78,91,529,230,769,42,117
02137,704,781,159,134,904,288,1087,131,267
02138,918,1044,205,173,1078,506,1627,109,226
02139,783,892,163,146,1046,320,1229,159,287
02140,888,1047,198,188,1137,412,1563,127,245
02141,586,679,140,105,750,270,961,79,225
02142,954,1062,212,182,1217,405,1518,158,340
02143,700,682,137,117,843,285,998,145,239
02144,756,840,145,174,975,302,1150,189,257
02145,631,655,129,106,820,231,946,112,228
02146,547,637,99,96,728,261,919,88,177
02147,1009,1171,219,193,1310,458,1696,177,307
02148,736,863,155,116,963,365,1265,128,206
02149,859,970,225,142,1130,332,1379,158,292
02150,741,792,157,135,929,312,1104,162,267
02151,722,792,155,125,946,288,1133,157,224
02152,576,691,116,83,677,391,1039,84,144
02153,618,707,144,106,690,385,1113,61,151
02154,521,567,104,81,702,201,726,110,252
02155,853,996,192,149,1027,481,1476,121,252
02156,613,664,109,106,671,391,1037,71,169
02157,585,680,144,93,721,307,955,107,203
02158,782,887,193,129,902,445,1335,114,220
02159,949,1006,208,190,1170,387,1464,171,320
02160,967,1028,208,159,1178,450,1617,139,239
02161,553,608,111,110,704,236,872,119,170
02162,683,752,134,134,826,341,1091,103,241
02163,870,972,161,149,1124,408,1395,166,281
02164,708,808,156,135,963,262,1055,205,256
02165,815,889,185,131,1031,357,1273,143,288
02166,1023,1125,254,150,1343,401,1563,197,388
02167,1023,1125,224,195,1204,525,1718,157,273
02168,1072,1177,243,147,1412,447,1678,232,339
02169,772,793,163,113,994,295,1201,149,215
02170,726,812,144,138,909,347,1215,114,209
02171,791,874,166,148,963,388,1194,132,339
02172,741,798,161,123,972,283,1158,147,234
02173,714,806,146,121,941,312,1197,115,208
03001,799,927,186,136,1009,395,1319,133,274
03002,933,997,206,141,1221,362,1339,191,400
03003,823,901,207,150,1091,276,1111,179,434
03004,791,866,169,119,1044,325,1170,146,341
03005,618,640,129,98,729,302,897,98,263
03006,749,706,180,136,934,205,949,168,338
03007,853,901,216,157,1072,309,1191,167,396
03008,574,633,141,93,753,220,831,116,260
03009,586,643,119,96,761,253,883,102,244
03010,1012,945,203,224,1280,250,1203,200,554
03011,922,925,230,180,1210,227,1095,184,568
03012,1068,1152,223,196,1460,341,1385,265,570
03013,942,901,196,183,1241,223,1122,268,453
03014,928,890,203,149,1218,248,1123,239,456
03015,1461,1508,313,282,1926,448,1848,359,762
03016,585,625,132,134,779,165,742,121,347
03017,852,821,216,157,1084,216,983,207,483
03018,887,863,211,167,1050,322,1211,124,415
03019,717,831,189,120,996,243,982,147,419
03020,621,584,110,90,691,314,969,76,160
03021,526,594,101,85,593,341,921,58,141
03022,741,759,188,132,896,284,1100,142,258
03023,942,1008,233,173,1274,270,1316,225,409
03024,1050,1066,290,181,1376,269,1437,279,400
03025,624,577,151,111,717,222,1070,12,119
03026,475,515,111,64,433,382,881,18,91
03027,843,930,228,224,934,387,1594,47,132
03028,1278,1404,553,259,1539,331,2113,92,477
03029,633,688,146,138,770,267,1157,37,127
03030,746,860,158,172,912,364,1336,48,222
03031,1188,1301,314,249,1383,543,2211,49,229
03032,810,860,257,142,969,302,1371,64,235
03033,725,717,199,149,797,297,1035,41,366
03034,748,798,174,187,917,268,1311,28,207
03035,1089,1209,249,224,1285,540,1983,61,254
03036,1126,1238,308,244,1360,452,2028,92,244
03037,516,566,109,146,672,155,970,22,90
03038,466,535,163,120,508,210,915,13,73
03039,1242,1311,398,265,1448,442,1948,79,526
03040,717,809,132,113,865,416,1336,68,122
03041,661,751,153,141,798,320,1100,88,224
03042,669,717,142,126,857,261,1047,109,230
03043,764,907,154,135,923,459,1315,113,243
03044,944,997,195,187,1197,362,1394,149,398
03045,519,540,135,67,644,213,824,110,125
03046,653,767,110,125,815,370,1184,94,142
03047,866,946,181,163,1158,310,1397,131,284
03048,647,694,124,99,800,318,1064,75,202
03049,784,874,215,105,955,383,1246,118,294
03050,791,871,144,145,1069,304,1239,158,265
03051,987,971,262,170,1275,251,1334,180,444
03052,631,684,157,110,831,217,969,105,241
03053,1043,1147,291,187,1339,373,1533,188,469
03054,859,909,199,144,1043,382,1390,104,274
03055,790,818,140,131,993,344,1270,101,237
03056,404,488,96,64,486,246,730,29,133
03057,707,811,147,123,849,399,1316,60,142
03058,714,889,201,122,929,351,1392,74,137
03059,600,653,153,98,696,306,1012,62,179
03060,705,701,150,119,803,334,1236,43,127
03061,567,589,109,87,651,309,925,38,193
03062,755,863,185,138,919,376,1380,76,162
03063,901,969,327,156,1112,275,1493,86,291
03064,582,673,154,126,740,235,1088,44,123
03065,662,721,111,118,889,265,1260,23,100
03066,1106,1217,292,221,1362,448,1964,70,289
03067,841,923,189,147,995,433,1479,45,240
03068,552,621,119,79,636,339,1004,34,135
03069,586,622,143,87,683,295,1023,27,158
03070,620,665,124,115,742,304,1058,53,174
03071,615,679,158,118,747,271,1028,57,209
03072,652,741,134,131,828,300,1085,39,269
03073,773,842,177,122,980,336,1355,63,197
03074,853,947,210,133,1037,420,1481,75,244
03075,820,905,210,149,1017,349,1384,52,289
03076,488,573,106,85,592,278,877,36,148
03077,596,717,143,113,741,316,1067,73,173
03078,819,901,218,133,1058,311,1335,85,300
03079,878,958,222,173,1102,339,1346,87,403
03080,715,880,164,147,912,372,1312,50,233
03081,841,976,186,169,1021,441,1484,52,281
03082,909,1039,220,181,1135,412,1574,86,288
03083,640,755,120,108,838,329,1157,59,179
03084,665,790,160,126,744,425,1246,48,161
03085,615,703,142,93,791,292,1087,53,178
03086,594,633,104,99,647,377,1113,46,68
03087,677,800,178,125,755,419,1291,40,146
03088,630,730,158,96,750,356,1158,63,139
03089,581,691,130,94,689,359,1118,55,99
03090,484,551,103,111,581,240,924,44,67
03091,714,769,171,151,906,255,1212,71,200
03092,593,641,146,106,744,238,1011,79,144
03093,711,806,141,157,876,343,1346,41,130
03094,550,640,138,81,680,291,1044,57,89
03095,763,878,182,147,965,347,1329,93,219
03096,758,832,191,162,993,244,1179,97,314
03097,791,862,191,134,1100,228,1130,136,387
03098,662,740,169,142,865,226,1066,81,255
03099,463,521,127,76,607,174,796,55,133
03100,594,705,159,102,749,289,1035,82,182
03101,1714,1346,340,341,1974,405,1578,214,1268
03102,652,706,165,119,800,274,1065,64,229
03103,553,641,129,69,623,373,1064,37,93
03104,672,763,172,117,889,257,1115,95,225
03105,512,644,132,98,705,221,913,67,176
03106,587,684,153,93,823,202,977,107,187
03107,799,807,180,107,975,344,1298,74,234
03108,763,844,194,112,989,312,1226,108,273
03109,719,827,184,122,964,276,1243,120,183
03110,721,824,177,121,899,348,1243,88,214
03111,603,695,178,78,781,261,1087,77,134
03112,875,1023,208,174,1113,403,1615,85,198
03113,796,876,166,181,870,455,1346,93,233
03114,688,803,138,147,810,396,1285,75,131
03211,748,770,175,214,916,213,1331,14,173
03212,1159,1301,291,229,1269,671,1977,79,404
03213,1165,1268,297,312,1440,384,1816,66,551
04001,617,686,141,132,777,253,1008,77,218
04002,934,1054,268,175,1073,472,1761,66,161
04003,528,552,119,84,611,266,946,31,103
04004,459,542,109,63,586,243,849,48,104
04005,561,658,145,89,649,336,1110,33,76
04006,526,629,130,105,596,324,1016,39,100
04007,480,595,110,85,548,332,916,52,107
04008,479,548,115,87,579,246,844,33,150
04009,665,797,150,121,872,319,1229,63,170
04010,418,496,104,108,482,220,805,25,84
04011,840,927,244,139,863,521,1547,60,160
04012,666,780,135,131,792,388,1293,45,108
04013,587,688,142,102,697,334,1149,39,87
04014,399,467,96,80,438,252,751,36,79
04015,848,1063,203,170,1103,435,1711,55,145
04016,499,590,118,74,595,302,975,37,77
04017,561,650,144,68,639,360,1068,47,96
04018,710,872,193,160,813,416,1373,77,132
04019,640,725,163,146,702,354,1183,69,113
04020,681,774,211,125,746,373,1276,70,109
04021,610,716,152,140,692,342,1138,70,118
04022,778,842,168,147,913,392,1302,96,222
04023,507,571,157,120,510,291,933,40,105
04024,493,568,172,110,494,285,992,22,47
04025,535,633,166,89,653,260,1049,47,72
04026,552,683,153,84,650,348,1094,60,81
04027,613,710,165,133,739,286,1074,84,165
04028,611,717,154,99,673,402,1153,67,108
04029,535,628,139,87,590,347,1056,31,76
04030,834,998,265,130,871,566,1635,70,127
04031,927,929,220,159,1084,393,1441,109,306
04032,683,861,164,122,858,400,1387,39,118
04033,537,620,153,79,625,300,1023,39,95
04034,721,770,154,133,707,497,1382,39,70
04035,640,756,175,87,728,406,1275,40,81
04036,789,942,255,132,884,460,1472,75,184
04037,975,1186,239,183,1149,590,1857,61,243
04038,600,694,123,102,701,368,1155,32,107
04039,574,652,170,98,710,248,1049,47,130
04040,788,835,225,154,950,294,1293,60,270
04041,651,718,153,107,796,313,1093,52,224
04042,807,932,143,125,973,498,1477,56,206
04043,728,907,178,123,806,528,1521,39,75
04044,731,860,167,133,892,399,1399,44,148
04045,642,736,178,112,703,385,1193,56,129
04046,1194,1267,297,209,1213,742,2250,87,124
04047,836,958,209,194,937,454,1610,47,137
04048,695,831,169,143,789,425,1371,70,85
04049,555,640,190,133,600,272,1040,68,87
04050,959,1093,352,189,940,571,1836,111,105
04051,752,923,258,177,835,405,1462,79,134
04052,993,1210,323,252,990,638,1912,135,156
04053,824,877,209,239,946,307,1240,127,334
04054,499,569,173,102,494,299,898,60,110
04055,749,780,250,221,695,363,1204,226,99
04056,870,958,301,249,892,386,1309,234,285
04084,647,759,203,114,644,445,1249,47,110
05001,908,868,321,190,1059,206,1473,203,100
05002,770,805,281,170,823,301,1349,158,68
05003,687,706,244,171,774,204,1174,135,84
05004,492,656,180,172,481,315,983,73,92
05005,608,630,201,206,563,268,918,146,174
05006,909,919,344,268,820,396,1486,217,125
05007,919,885,274,168,962,400,1454,166,184
05008,779,900,311,180,812,376,1489,110,80
05009,768,926,260,201,843,390,1476,116,102
05010,709,857,280,163,776,347,1396,109,61
05011,637,755,221,126,764,281,1226,80,86
05012,632,742,222,135,745,272,1215,87,72
05013,806,875,281,166,909,325,1468,126,87
05014,776,886,316,143,818,385,1384,156,122
05015,726,880,353,135,819,299,1408,118,80
05016,890,1046,378,185,1021,352,1638,121,177
05017,737,862,279,197,775,348,1394,110,95
05018,570,698,196,151,611,310,1107,65,96
05019,793,932,322,199,825,379,1536,80,109
05020,523,608,140,124,616,251,989,57,85
05021,613,718,256,192,633,250,1100,57,174
05022,778,1028,305,157,875,469,1624,72,110
05023,673,824,257,132,779,329,1323,71,103
05024,916,1036,307,265,918,462,1757,113,82
05025,609,689,192,198,633,275,1194,38,66
05026,679,747,240,190,688,308,1313,54,59
05027,694,760,271,202,671,310,1332,58,64
05028,854,850,295,208,898,303,1496,93,115
05029,830,904,327,255,831,321,1571,85,78
05030,652,761,253,195,666,299,1333,25,55
05031,788,914,295,251,751,405,1481,103,118
05032,861,1027,292,270,888,438,1512,162,214
05033,657,746,282,166,664,291,1227,79,97
05034,597,691,244,115,655,274,1084,67,137
05035,529,552,122,115,508,336,1000,26,55
05036,822,942,299,248,836,381,1594,89,81
05037,628,827,233,173,711,338,1277,69,109
05038,620,736,163,134,742,317,1126,75,155
05039,711,819,259,166,728,377,1441,37,52
05040,634,801,208,158,793,276,1232,91,112
05041,922,977,253,215,1090,341,1487,149,263
05042,628,690,172,156,701,289,1126,61,131
05043,664,805,208,153,809,299,1252,68,149
05044,579,724,213,134,681,275,1153,52,98
05045,730,881,293,184,807,327,1475,58,78
05046,489,639,144,126,504,354,1051,28,49
05047,564,698,231,131,652,248,1158,50,54
05048,576,716,183,166,654,289,1200,30,62
05049,744,931,248,225,816,386,1501,75,99
05050,752,883,243,181,869,342,1457,74,104
05051,765,893,259,249,794,356,1480,82,96
05052,687,830,254,201,728,334,1391,56,70
05053,711,784,221,208,734,332,1358,62,75
05054,463,598,141,142,516,262,915,60,86
05055,672,800,232,207,680,353,1333,36,103
05056,529,719,186,117,610,335,1077,55,116
05057,790,902,186,227,820,459,1494,65,133
05058,725,850,241,189,756,389,1328,99,148
05059,700,895,212,161,845,377,1368,93,134
05060,516,639,178,148,580,249,986,85,84
05061,662,842,152,135,899,318,1200,117,187
05062,687,909,234,186,817,359,1391,98,107
05063,734,865,237,171,835,356,1400,95,104
05064,699,894,208,197,832,356,1357,115,121
05065,787,937,245,178,930,371,1436,120,168
05066,571,729,156,148,672,324,1121,61,118
05067,584,725,190,153,642,324,1101,89,119
05068,704,826,217,133,868,312,1269,115,146
05069,812,965,267,178,1003,329,1491,124,162
05070,642,823,203,142,786,334,1256,103,106
05071,736,944,215,180,945,340,1369,140,171
05072,773,981,257,183,923,391,1522,94,138
05073,736,902,222,151,915,350,1402,93,143
05074,778,919,246,195,870,386,1492,103,102
05075,824,1039,300,205,931,427,1610,113,140
05076,642,752,187,144,721,342,1200,89,105
05077,689,835,237,214,776,297,1333,87,104
05078,1012,1151,388,272,1099,404,1929,105,129
05079,594,700,188,135,704,267,1118,101,75
05080,623,779,183,143,802,274,1191,107,104
05081,710,884,231,179,840,344,1338,103,153
05082,753,914,233,166,943,325,1389,132,146
05083,583,716,160,108,729,302,1098,94,107
05084,580,728,156,130,710,312,1121,92,95
05085,624,719,203,116,768,256,1109,106,128
05086,607,697,182,129,743,250,1107,101,96
05087,689,853,188,169,850,335,1335,82,125
05088,858,922,213,225,983,359,1510,104,166
05089,841,903,235,185,952,372,1526,106,112
05090,905,1024,259,190,1094,386,1558,183,188
05091,694,863,214,145,832,366,1343,118,96
05092,737,841,193,199,825,361,1398,72,108
05093,479,648,143,135,587,262,993,66,68
05094,1196,1484,423,334,1331,592,2378,138,164
05095,738,933,267,170,852,382,1437,82,152
05096,503,632,168,107,615,245,973,73,89
05097,789,868,282,174,874,327,1408,137,112
05098,689,873,203,145,884,330,1287,111,164
06001,502,664,160,69,671,266,925,95,146
06002,695,809,178,136,839,351,1195,103,206
06003,1119,1192,291,185,1364,471,1878,182,251
06004,705,728,183,123,806,321,1220,79,134
06006,477,543,155,95,546,224,921,50,49
06007,908,1057,308,182,1125,350,1710,92,163
06008,885,1102,258,185,1089,455,1679,125,183
06009,553,651,202,115,612,275,1061,76,67
06010,501,577,147,84,569,278,927,46,105
06011,615,692,165,132,659,351,1186,58,63
06012,535,605,141,87,580,332,977,77,86
06013,807,934,198,183,1005,355,1431,127,183
06014,634,763,159,116,744,378,1215,78,104
06015,667,742,174,124,846,265,1165,76,168
06016,746,872,223,161,970,264,1330,92,196
06017,650,730,189,113,788,290,1181,79,120
06018,631,669,154,97,795,254,1040,153,107
06019,705,824,193,134,889,313,1248,126,155
06020,536,637,139,86,671,277,948,82,143
06021,635,740,201,117,710,347,1176,80,119
06022,726,682,165,193,735,315,1092,111,205
06023,612,727,164,99,654,422,1268,33,38
06024,755,954,231,144,895,439,1456,110,143
06025,665,774,190,123,733,393,1303,39,97
06026,443,557,107,62,547,284,855,59,86
06027,520,674,166,99,630,299,1038,62,94
06028,645,686,158,102,798,273,1084,121,126
06029,604,685,121,91,745,332,1049,104,136
06030,613,716,150,92,840,247,1060,145,124
06031,510,606,93,81,720,222,890,121,105
06032,545,657,159,80,727,236,1005,82,115
06033,581,715,132,96,795,273,1094,120,82
06034,561,697,133,91,756,278,1041,100,117
06035,474,573,106,89,581,271,879,87,81
06036,655,851,164,156,776,410,1237,105,164
06037,538,586,152,127,593,252,911,96,117
06038,643,837,169,113,889,309,1206,165,109
06039,731,906,176,112,1091,258,1179,264,194
06040,712,935,176,148,946,377,1308,166,173
06041,798,1009,231,186,1050,340,1419,194,194
06042,833,954,283,145,1033,326,1380,184,223
06043,595,692,171,118,768,230,941,178,168
06044,740,840,181,175,925,299,1173,193,214
06045,580,721,154,91,861,195,928,193,180
06046,562,626,131,88,780,189,881,148,159
06047,567,724,146,100,860,185,919,192,180
06048,651,750,154,104,914,229,989,176,236
06049,548,643,159,87,746,199,897,141,153
06050,601,689,145,81,848,216,925,188,177
06051,547,721,162,93,767,246,993,138,137
06052,701,845,163,131,966,286,1181,212,153
06053,688,841,192,97,949,291,1174,189,166
06054,755,856,212,117,1032,250,1214,185,212
06055,644,820,163,100,908,293,1175,143,146
06056,710,849,166,103,1080,210,1147,241,171
06057,665,854,151,85,990,293,1168,174,177
06058,748,942,159,124,1119,288,1263,193,234
06059,711,812,172,110,919,322,1235,157,131
06060,818,959,197,165,1094,321,1370,210,197
06061,618,702,131,101,821,267,1069,113,138
06062,572,682,136,94,744,280,1014,105,135
06063,724,810,185,128,948,273,1195,161,178
06064,861,1033,223,176,1050,445,1588,157,149
06065,544,657,164,92,655,290,1018,83,100
06066,421,569,116,46,593,235,823,79,88
06067,822,993,202,142,1125,346,1449,172,194
06068,722,875,203,138,926,330,1307,151,139
06069,485,596,121,90,627,243,887,86,108
06070,842,1042,220,124,1144,396,1498,139,247
06071,501,591,106,132,608,246,899,55,138
06072,744,875,173,150,855,441,1404,89,126
06073,622,738,114,114,784,348,1172,62,126
06074,536,588,136,95,661,232,901,93,130
06075,504,578,116,85,557,324,974,35,73
06076,665,673,159,115,663,401,1147,59,132
06077,524,690,151,111,726,226,983,77,154
06078,639,730,156,100,886,227,1040,131,198
06079,517,607,124,78,658,264,930,105,89
06080,556,639,136,101,645,313,1017,54,124
06081,598,728,144,100,810,272,1089,109,128
06082,1175,1255,297,230,1461,442,1844,193,393
06083,828,908,177,134,968,457,1509,84,143
06084,685,816,184,113,870,334,1293,89,119
06085,567,694,149,116,669,327,1116,69,76
06086,484,528,126,68,555,263,920,48,44
06087,846,984,184,112,911,623,1702,39,89
06088,559,700,154,104,685,316,1118,60,81
07001,708,887,160,122,801,512,1431,40,124
07002,520,635,112,75,659,309,1025,55,75
07003,624,721,192,104,772,277,1093,89,163
07004,722,827,150,135,908,356,1200,101,248
07005,714,785,177,87,908,327,1268,76,155
07006,462,506,96,62,554,256,854,40,74
07007,644,794,132,128,703,475,1227,66,145
07008,685,802,140,118,755,474,1328,49,110
07009,522,654,114,109,694,259,1013,49,114
07010,628,700,135,132,778,283,1096,66,166
07011,527,641,117,89,703,259,904,99,165
07012,728,853,170,121,916,374,1292,96,193
07013,582,660,106,112,715,309,1106,36,100
07014,407,487,89,67,508,230,711,54,129
07015,643,712,144,126,746,339,1204,49,102
07016,666,707,175,136,747,315,1199,89,85
07017,789,960,224,150,993,382,1434,125,190
07018,767,944,239,134,973,365,1442,67,202
07019,678,785,158,121,810,374,1259,71,133
07020,805,926,231,152,984,364,1358,99,274
07021,506,540,117,81,580,268,914,67,65
07022,543,613,141,103,648,264,1013,35,108
07023,645,682,175,120,782,250,1108,87,132
07024,687,787,155,147,855,317,1240,73,161
07025,676,768,177,125,869,273,1173,87,184
07026,508,594,121,60,596,325,933,53,116
07027,982,1134,310,224,1170,412,1722,109,285
07028,730,772,185,150,931,236,1214,97,191
07029,634,661,122,111,684,378,1119,56,120
07030,636,779,185,106,789,335,1138,51,226
07031,771,802,203,129,920,321,1281,74,218
07032,711,731,182,133,822,305,1222,60,160
07033,665,787,176,111,818,347,1247,73,132
07034,894,1001,285,168,1081,361,1612,73,210
07035,820,959,234,141,1016,388,1555,75,149
07036,634,767,152,109,785,355,1244,30,127
07037,674,815,169,133,831,356,1238,73,178
07038,598,687,136,142,654,353,1089,58,138
07039,750,851,176,142,992,291,1330,104,167
07040,669,787,171,128,837,320,1216,89,151
07041,644,750,189,104,834,267,1100,70,224
07042,699,838,189,105,928,315,1312,47,178
07043,657,763,178,118,805,319,1162,81,177
07044,616,693,142,101,733,333,1147,45,117
07045,751,813,192,134,876,362,1321,76,167
07046,665,741,166,93,743,404,1178,61,167
07047,724,792,174,122,898,322,1237,83,196
07048,586,716,147,127,718,310,1126,57,119
07049,590,624,123,112,662,317,1030,58,126
07050,571,626,135,94,735,233,977,68,152
07051,815,972,246,174,994,373,1497,88,202
07052,595,653,178,95,606,369,1152,55,41
07053,694,795,204,113,822,350,1359,38,92
07054,736,859,260,156,823,356,1484,41,70
07055,549,641,165,131,563,331,1150,16,24
07056,576,606,151,126,628,277,1065,57,60
07057,686,767,185,161,797,310,1341,26,86
07058,669,703,179,117,759,317,1288,41,43
07059,624,697,157,101,756,307,1096,95,130
07060,910,966,225,157,1087,407,1629,84,163
07061,610,614,190,99,673,262,1100,36,88
07062,636,708,183,121,810,230,1103,61,180
07063,701,771,201,152,811,308,1259,38,175
07064,791,868,205,154,920,380,1424,45,190
07065,805,895,216,153,964,367,1334,76,290
07066,871,963,239,180,1011,404,1470,64,300
07067,710,823,216,144,862,311,1223,54,256
07068,593,686,164,127,727,261,1024,39,216
07069,672,715,139,132,771,345,1155,34,198
07070,699,771,184,165,798,323,1175,24,271
07071,633,726,154,118,711,376,1187,31,141
07072,660,736,164,142,765,325,1178,48,170
07073,507,646,126,92,607,328,934,31,188
07074,811,919,227,186,947,370,1441,30,259
07075,579,619,129,115,620,334,977,32,189
07076,651,707,181,110,722,345,1141,36,181
07077,656,701,171,131,787,268,1097,29,231
07078,677,716,185,113,808,287,1163,55,175
07079,677,729,161,125,726,394,1199,29,178
07080,867,971,311,156,1040,331,1564,47,227
07081,954,1022,212,196,1114,454,1744,46,186
07082,626,670,158,130,743,265,1078,62,156
07083,610,687,141,114,714,328,1077,46,174
07084,630,678,149,134,744,281,1062,61,185
07085,620,663,166,125,744,248,1119,35,129
07086,692,733,161,131,818,315,1194,41,190
07087,760,856,186,154,894,382,1360,49,207
07088,790,840,242,179,952,257,1304,57,269
07089,608,763,151,121,705,394,1198,39,134
07090,721,763,206,131,817,330,1302,36,146
07091,555,649,136,129,645,294,1030,44,130
07092,664,829,154,131,785,423,1093,36,364
07093,885,875,221,230,890,419,1430,50,280
07094,557,672,127,89,653,360,1073,26,130
07095,734,841,178,161,877,359,1354,53,168
07096,634,786,184,148,761,327,1215,48,157
07097,406,537,88,57,397,401,814,29,100
07098,989,1152,323,230,1134,454,1969,81,91
07099,515,537,87,104,659,202,996,9,47
07100,565,640,125,83,568,429,1068,34,103
07101,683,743,162,96,676,492,1239,42,145
07102,351,327,114,60,417,87,583,13,82
07103,750,871,186,247,890,298,1162,64,395
07104,737,865,218,123,850,411,1398,52,152
07105,516,563,139,84,581,275,1012,18,49
07106,545,656,165,94,598,344,1110,9,82
07107,593,632,155,113,622,335,1147,24,54
07108,583,646,131,110,657,331,1134,31,64
07109,772,830,177,110,852,463,1423,48,131
07110,453,586,100,91,458,390,966,12,61
07111,397,502,99,63,398,339,847,24,28
07112,608,664,157,113,700,302,1152,34,86
07113,583,630,171,125,705,212,1086,24,103
07114,563,639,161,104,672,265,1118,24,60
07115,494,574,127,98,568,275,1010,29,29
07116,711,825,236,111,853,336,1367,56,113
07117,1050,1045,292,210,1305,288,1211,109,775
07118,566,713,181,109,681,308,1127,25,127
07119,561,668,168,93,716,252,1037,34,158
07120,576,669,115,107,659,364,1052,23,170
07121,523,660,132,110,611,330,962,32,189
07122,602,730,154,98,711,369,1192,24,116
07123,694,745,172,163,760,344,1261,18,160
08001,592,664,142,96,683,335,1133,19,104
08002,596,671,152,127,641,347,1160,30,77
08003,603,660,129,115,688,331,1085,30,148
08004,658,786,168,125,783,368,1151,32,261
08005,555,634,116,119,629,325,1011,30,148
08006,727,808,198,160,838,339,1273,54,208
08007,527,703,135,90,624,381,1100,23,107
08008,762,866,188,147,886,407,1391,56,181
08009,843,925,233,155,1029,351,1428,77,263
08010,490,595,117,100,600,268,975,15,95
08011,540,659,166,128,630,275,1073,23,103
08012,584,756,147,129,753,311,1154,28,158
08013,553,649,159,94,625,324,1025,29,148
08014,591,677,163,140,698,267,1044,26,198
08015,629,808,166,136,812,323,1113,44,280
08016,518,637,149,89,570,347,1004,21,130
08017,634,705,155,109,689,386,1181,24,134
08018,728,850,157,149,890,382,1322,29,227
08019,824,975,230,148,1030,391,1412,47,340
08020,631,747,156,118,787,317,1133,23,222
08021,694,816,170,144,830,366,1246,30,234
08022,575,684,123,103,722,311,1084,19,156
08023,677,744,190,129,808,294,1148,41,232
08024,646,757,156,125,757,365,1172,22,209
08025,535,699,149,115,660,310,980,48,206
08026,663,773,220,117,744,355,1206,48,182
08027,692,724,207,81,760,368,1266,42,108
08028,486,600,103,87,566,330,964,19,103
08029,719,827,215,156,853,322,1374,26,146
08030,718,812,218,156,836,320,1251,43,236
08031,619,704,182,96,641,404,1172,17,134
08032,588,710,158,111,693,336,1103,26,169
08033,687,780,190,118,828,331,1150,45,272
08034,533,721,159,118,608,369,957,19,278
08035,1517,1477,285,320,1919,470,1597,106,1291
08036,710,834,185,140,855,364,1200,22,322
08037,699,867,179,127,847,413,1282,21,263
08038,689,856,207,161,872,305,1205,20,320
08039,702,818,200,118,822,380,1203,27,290
08040,837,920,268,157,1012,320,1412,22,323
08041,1169,1286,437,274,1417,327,1635,51,769
08042,593,703,137,102,605,452,1127,11,158
08043,490,645,116,120,586,313,1048,11,76
08044,644,747,186,128,800,277,1055,34,302
08045,848,914,251,167,1053,291,1270,50,442
08046,612,768,154,130,758,338,1101,36,243
08047,738,859,230,144,892,331,1097,39,461
08048,479,532,131,96,544,240,902,8,101
08049,603,683,189,123,699,275,1147,18,121
08050,665,777,160,125,715,442,1311,23,108
08051,658,723,260,105,733,283,1296,14,71
08052,402,489,103,66,454,268,809,13,69
08053,542,619,125,100,536,400,1078,23,60
08054,765,935,174,150,804,572,1546,38,116
08055,876,984,198,145,844,673,1748,31,81
08056,704,807,171,153,766,421,1327,33,151
08057,617,720,142,126,684,385,1178,19,140
08058,742,894,176,161,872,427,1445,29,162
08059,463,540,127,90,555,231,906,12,85
08060,550,640,141,95,597,357,1109,11,70
08061,801,835,196,147,855,438,1536,15,85
08062,551,620,96,113,635,327,1130,6,35
08063,531,571,94,82,534,392,1050,4,48
08064,847,960,246,164,974,423,1674,27,106
08065,901,856,312,200,1010,235,1395,46,316
08066,794,829,279,195,919,230,1273,50,300
08067,882,906,253,187,1022,326,1443,47,298
08068,912,1040,278,238,1073,363,1422,30,500
08069,733,799,197,161,885,289,1148,32,352
08070,683,819,227,146,852,277,1067,47,388
08071,835,870,231,193,938,343,1335,27,343
08072,571,642,166,129,604,314,995,38,180
08073,793,902,233,158,1015,289,1264,56,375
08074,728,781,239,150,855,265,1100,41,368
08075,884,1027,257,189,1067,398,1459,43,409
08076,721,857,163,133,817,465,1318,30,230
08077,643,749,198,151,775,268,1208,16,168
08078,732,829,187,121,932,321,1187,50,324
08079,670,759,193,156,807,273,1083,40,306
08080,718,774,205,135,811,341,1208,45,239
08081,807,869,278,159,963,276,1147,31,498
08082,708,869,176,160,859,382,1244,25,308
08083,587,703,187,98,704,301,982,41,267
08084,537,634,146,101,604,320,1000,12,159
08085,722,751,171,175,858,269,1147,41,285
08086,801,908,236,157,904,412,1376,42,291
08087,580,665,162,103,664,316,1042,12,191
08088,599,688,159,123,713,292,1045,23,219
08089,591,683,172,111,710,281,983,45,246
08090,573,667,150,110,660,320,1022,24,194
08091,592,641,111,126,643,353,1038,16,179
08092,479,515,108,72,497,317,874,9,111
08093,638,659,183,121,700,293,1108,14,175
08094,697,778,141,133,697,504,1321,12,142
08095,515,561,112,100,504,360,1001,12,63
08096,737,788,206,161,842,316,1284,32,209
08097,656,716,185,159,749,279,1162,23,187
08098,613,678,175,144,693,279,1072,29,190
08099,693,704,185,140,804,268,1143,38,216
08100,572,717,167,103,718,301,1082,19,188
08101,811,945,227,143,927,459,1535,14,207
08102,681,861,162,128,786,466,1231,19,292
08103,842,854,278,163,1028,227,1164,41,491
08104,620,691,174,135,752,250,1018,29,264
08105,718,800,224,174,818,302,1201,17,300
08106,612,666,193,162,699,224,880,29,369
08107,871,981,235,186,1065,366,1623,18,211
08108,965,978,364,244,1117,218,1492,74,377
08109,509,483,161,118,548,165,893,8,91
08110,967,986,347,230,1115,261,1316,46,591
08111,808,894,281,215,909,297,1189,31,482
08112,872,908,324,204,960,292,1179,26,575
08113,891,931,300,231,950,341,1255,34,533
08114,946,981,285,214,1049,379,1388,23,516
08115,824,904,276,180,957,315,1138,31,559
08116,687,726,251,135,779,248,1201,33,179
08215,664,863,273,130,802,322,1313,40,174
09001,1406,1263,508,329,1504,328,1633,65,971
09002,1112,1062,347,244,1271,312,1418,77,679
09003,1140,1066,384,237,1211,374,1554,66,586
09004,836,856,261,182,941,308,1239,29,424
09005,804,821,257,165,956,247,1301,64,260
09006,639,639,215,126,717,220,1109,28,141
09007,632,700,210,160,758,204,1128,16,188
09008,969,942,571,141,1092,107,1769,37,105
09009,702,744,273,123,689,361,1335,17,94
09010,872,946,223,178,968,449,1695,15,108
09011,848,907,239,208,933,375,1533,29,193
09013,930,1042,345,227,1094,306,1531,36,405
09014,1262,1163,361,255,1451,358,1552,101,772
09015,906,947,257,205,1084,307,1450,50,353
09016,636,736,129,130,824,289,1302,14,56
09017,747,797,231,166,871,276,1415,35,94
09018,707,764,208,108,795,360,1419,10,42
09019,1317,1358,395,215,1639,426,2534,40,101
09020,518,627,118,86,594,347,1064,17,64
09021,671,748,176,104,794,345,1306,28,85
09022,602,655,150,122,705,280,1164,22,71
09023,601,624,166,124,699,236,1139,24,62
09024,514,642,160,89,608,299,1083,13,60
09025,564,662,171,94,697,264,1091,31,104
09026,752,821,179,120,882,392,1436,32,105
09027,624,670,109,115,696,374,1221,22,51
09028,795,831,367,156,907,196,1599,14,13
09029,547,590,125,103,597,312,1053,17,67
09030,704,791,292,97,820,286,1434,14,47
09031,574,612,228,139,623,196,1136,15,35
09032,1033,1174,424,215,1289,279,1914,49,244
09033,1563,1651,399,233,1921,661,2812,76,326
09034,665,770,161,109,759,406,1256,15,164
09035,715,809,177,126,845,376,1347,32,145
09036,642,752,146,116,759,373,1311,17,66
09037,716,772,173,147,825,343,1220,19,249
09038,766,893,239,127,930,363,1532,26,101
09039,745,807,182,118,924,328,1437,37,78
09040,730,851,241,132,879,329,1421,41,119
09041,637,771,190,115,763,340,1298,39,71
09042,575,675,137,93,710,310,1132,32,86
09043,612,719,167,118,735,311,1162,46,123
09044,711,758,169,132,853,315,1336,41,92
09045,681,776,199,117,795,346,1350,25,82
09046,634,694,170,92,737,329,1226,33,69
09047,746,831,185,133,938,321,1449,33,95
09048,660,745,180,100,762,363,1287,30,88
09049,591,720,147,123,724,317,1124,21,166
09050,763,835,216,118,891,373,1438,43,117
09051,591,647,136,116,694,292,1109,44,85
09052,558,631,139,100,654,296,1102,29,58
09053,737,858,193,129,854,419,1437,57,101
09054,520,607,116,97,592,322,1027,17,83
09055,816,927,218,134,878,513,1460,44,239
09056,534,623,92,65,588,412,1041,13,103
09057,772,838,188,149,886,387,1298,47,265
09058,692,827,273,124,885,237,1320,54,145
09059,709,741,204,113,773,360,1255,62,133
09060,603,722,147,115,745,318,1193,33,99
09061,810,896,286,139,938,343,1560,45,101
09062,565,603,155,95,707,211,977,56,135
09063,566,598,142,91,691,240,1024,42,98
09064,576,633,118,97,694,300,1110,20,79
09065,981,1136,220,191,1199,507,1758,46,313
09066,702,749,188,110,847,306,1309,48,94
09067,679,826,170,128,851,356,1247,61,197
09068,774,799,181,142,879,371,1408,43,122
09069,405,514,98,79,455,287,804,11,104
09070,756,962,178,158,945,437,1355,55,308
09071,869,1042,208,154,1053,496,1583,53,275
09072,698,828,197,115,875,339,1154,58,314
09073,741,812,121,145,908,379,1360,29,164
09074,757,880,202,154,870,411,1435,52,150
09075,756,826,209,151,887,335,1301,42,239
09076,664,806,174,110,858,328,1263,39,168
09077,717,899,197,138,887,394,1396,48,172
09078,698,801,178,157,849,315,1232,50,217
09079,769,881,191,162,910,387,1402,45,203
09080,672,695,147,110,776,334,1150,60,157
09081,797,962,224,169,1000,366,1491,65,203
09082,951,1074,271,191,1213,350,1671,85,269
09083,747,871,223,144,854,397,1361,64,193
09084,865,919,216,149,1047,372,1492,84,208
09085,806,934,183,169,993,395,1437,101,202
09086,673,782,193,129,785,348,1229,52,174
09087,624,696,143,113,706,358,1128,63,129
09088,864,1074,214,142,1059,523,1623,72,243
09089,680,825,176,120,790,419,1235,44,226
09090,754,866,174,137,878,431,1326,72,222
09091,895,992,206,188,1043,450,1581,44,262
09092,944,1033,191,208,1110,468,1706,61,210
09093,625,712,135,126,754,322,1175,51,111
09094,1003,1072,218,206,1189,462,1738,85,252
09095,986,1102,258,200,1205,425,1736,79,273
09156,606,662,141,69,629,429,1120,34,114
10001,783,834,174,116,950,377,1250,103,264
10002,888,923,199,145,1144,323,1480,119,212
10003,766,835,193,151,935,322,1318,84,199
10004,721,848,195,99,862,413,1292,78,199
10005,766,921,162,114,979,432,1410,65,212
10006,845,967,193,158,1043,418,1500,95,217
10007,636,682,131,95,689,403,1187,45,86
10008,785,951,174,120,961,481,1361,120,255
10009,723,861,149,106,927,402,1291,114,179
10010,815,936,187,130,1031,403,1375,115,261
10011,554,653,123,106,706,272,1009,82,116
10012,859,983,218,146,1042,436,1471,106,265
10013,657,787,164,118,842,320,1158,97,189
10014,695,775,133,110,894,333,1147,123,200
10015,914,987,189,153,1110,449,1486,135,280
10016,623,654,113,109,765,290,1021,61,195
10017,806,923,206,142,922,459,1391,83,255
10018,698,764,150,117,920,275,1072,139,251
10019,773,851,145,123,966,390,1344,106,174
10020,711,782,158,119,800,416,1229,44,220
10021,664,719,159,130,781,313,1112,86,185
10022,616,743,147,140,827,245,1116,97,146
10023,679,815,168,145,811,370,1212,96,186
10024,722,782,211,141,871,281,1232,67,205
10025,624,755,154,117,828,280,1105,83,191
10026,734,808,212,143,912,275,1201,88,253
10027,727,793,161,153,856,350,1340,54,126
10028,886,976,224,224,1075,339,1537,52,273
10029,710,799,199,128,865,317,1291,67,151
10030,844,953,229,149,969,450,1597,46,154
10031,784,807,166,113,974,338,1281,90,220
10032,685,741,185,142,928,171,1186,90,150
10033,398,489,60,96,402,329,845,20,22
10034,826,885,224,120,885,482,1527,42,142
10035,980,1027,326,212,1129,340,1898,32,77
10036,738,722,226,207,908,119,1256,98,106
10037,515,577,139,98,638,217,816,82,194
10038,775,862,180,157,994,306,1329,134,174
10039,869,979,251,173,1115,309,1400,170,278
10040,901,950,205,161,1072,413,1427,121,303
10041,812,846,196,123,972,367,1285,116,257
10042,1357,1504,512,167,1751,431,2166,257,438
10043,1160,1127,335,314,1417,221,1460,320,507
10044,756,833,155,127,912,395,1264,154,171
10045,616,677,134,108,779,272,1075,117,101
10046,588,635,121,69,679,354,990,104,129
10047,902,974,147,171,1123,435,1391,212,273
10048,849,871,221,180,1002,317,1304,204,212
10049,632,654,134,108,713,331,1071,100,115
10050,755,858,174,132,943,364,1357,93,163
10051,759,842,242,137,900,322,1300,158,143
10052,1226,1218,412,297,1510,225,1969,296,179
10053,853,877,199,243,1007,281,1456,177,97
10054,470,518,153,134,566,135,812,106,70
10055,1285,1324,370,408,1388,443,2133,265,211
10056,958,1004,286,146,1298,232,1305,330,327
10057,699,716,192,80,893,250,1059,183,173
10058,575,594,159,80,735,195,900,118,151
10059,804,911,250,113,1050,302,1228,268,219
10060,823,842,229,144,1091,201,1164,215,286
10061,857,942,244,137,992,426,1524,154,121
10062,725,791,221,154,854,287,1302,100,114
10063,587,639,141,88,718,279,1041,105,80
10064,838,889,232,142,1074,279,1325,226,176
10065,788,832,244,117,1007,252,1327,180,113
10066,1068,1088,386,176,1251,343,1732,203,221
10067,937,1006,444,197,1128,174,1633,192,118
10068,789,819,336,156,932,184,1432,89,87
10069,1237,1331,541,177,1497,353,2064,206,298
10070,777,906,204,145,1053,281,1345,158,180
10071,887,918,245,194,1056,310,1610,105,90
10072,1002,1039,344,160,1215,322,1663,191,187
10073,711,774,184,116,787,398,1259,82,144
10074,808,897,240,140,1020,305,1346,150,209
10075,729,766,185,146,872,292,1235,98,162
10076,1086,1144,459,87,1570,114,1900,131,199
10077,938,908,386,185,1094,181,1546,182,118
10078,1198,1228,567,206,1422,231,1973,225,228
10079,886,941,268,192,1040,327,1557,133,137
10080,1161,1149,561,195,1344,210,1423,364,523
10081,1010,1002,287,198,1181,346,1449,80,483
10082,1093,997,371,261,1222,236,1117,58,915
10083,1300,985,461,271,1316,237,1147,43,1095
10084,856,856,259,171,1013,269,1066,66,580
10085,1079,1026,357,222,1191,335,1335,59,711
10086,995,1013,330,221,1116,341,1438,51,519
10087,893,937,257,208,984,381,1371,51,408
10088,830,870,199,186,977,338,1512,15,173
10089,1787,1379,514,337,1968,347,1566,359,1241
10090,713,762,197,140,860,278,1110,57,308
10091,971,1029,255,175,1104,466,1615,76,309
10092,690,787,94,127,871,385,1319,32,126
10093,532,545,86,83,599,309,994,19,64
10094,1467,1502,608,159,1969,233,2220,320,429
10095,665,651,198,125,806,187,1062,93,161
10096,779,902,292,152,995,242,1370,142,169
10097,765,851,286,126,891,313,1396,91,129
10098,882,963,185,255,1115,290,1707,53,85
10099,545,603,149,141,652,206,1041,22,85
10100,772,904,252,114,930,380,1329,109,238
10101,831,809,261,151,986,242,1201,130,309
10102,1239,1384,320,216,1470,617,2166,99,358
10103,1052,1163,229,186,1164,636,1992,59,164
10104,756,837,131,149,1045,268,1509,23,61
10105,1056,1231,286,282,1264,455,2045,48,194
10106,477,533,104,74,533,299,891,21,98
10107,758,809,223,125,937,282,1426,64,77
10108,615,715,124,98,633,475,1203,36,91
10109,740,831,189,122,790,470,1340,45,186
10110,752,935,205,136,915,431,1418,44,225
10111,600,686,145,114,693,334,1094,40,152
10112,741,788,164,116,800,449,1412,30,87
10113,583,638,161,133,721,206,1003,44,174
10114,689,749,191,120,838,289,1161,51,226
10115,673,731,143,108,781,372,1155,65,184
10116,866,1014,232,142,1011,495,1526,86,268
10117,598,670,133,105,627,403,1106,38,124
10118,475,540,135,81,481,318,957,13,45
10119,536,638,124,84,634,332,1005,26,143
10120,666,820,167,148,802,369,1190,70,226
10121,779,827,216,125,925,340,1326,56,224
10122,726,781,141,137,836,393,1383,16,108
10123,672,708,166,128,714,372,1210,44,126
10124,536,576,131,97,645,239,1006,26,80
10125,532,573,120,94,521,370,990,19,96
10126,485,519,98,99,541,266,939,5,60
10127,508,525,190,94,575,174,944,17,72
10128,738,847,166,133,820,466,1464,32,89
10129,590,597,106,134,682,265,1099,14,74
10130,572,651,130,92,666,335,1028,44,151
10131,546,628,100,110,654,310,1090,10,74
10132,595,683,167,105,638,368,1111,28,139
10133,777,902,176,136,816,551,1413,61,205
10134,685,859,182,115,740,507,1327,55,162
10135,606,674,189,108,628,355,1102,28,150
10136,625,703,142,103,600,483,1193,13,122
10137,773,810,172,148,828,435,1327,45,211
10138,773,843,226,157,925,308,1317,49,250
10139,815,858,203,132,923,415,1340,42,291
10140,814,839,194,174,923,362,1287,38,328
10141,532,581,137,109,572,295,1006,17,90
10142,780,870,229,131,930,360,1350,41,259
10143,858,924,217,187,950,428,1434,50,298
10234,851,1004,177,172,1071,435,1633,63,159
10235,632,721,155,79,725,394,1137,72,144
10236,796,886,170,93,799,620,1422,83,177
10237,386,459,96,71,439,239,726,21,98
